name,ats,slug
1mind,ashby,1mind
Aaron School,ashby,aaron-school
Abundant,ashby,abundant
Access Destination Services,ashby,access
Acorns,ashby,acorns
Adaptive,ashby,adaptive
Adthena,ashby,adthena
Aescape,ashby,aescape
Agentio,ashby,agentio
Agentis Capital Advisors,ashby,agentis-capital-advisors
AgentMail,ashby,agentmail
AgZen,ashby,agzen
AirOps,ashby,airops
Alcazar Energy,ashby,alcazar-energy
Aleph Alpha,ashby,alephalpha
Allocate,ashby,allocate
Alpaca Health,ashby,alpacahealth
ALSO,ashby,ridealso
Ambience Healthcare,ashby,ambiencehealthcare
AMBOSS,ashby,amboss
Ambrook,ashby,ambrook
Amenitiz Solutions,ashby,amenitiz
Amma Inc.,ashby,amma
amo,ashby,amo
Ankorstore,ashby,ankorstore
Antai Ventures,ashby,antaiventures
Anterior,ashby,anterior
AnyVan,ashby,anyvan
Apella,ashby,apella
Aquant,ashby,aquant
Arbor,ashby,arbor
Arcturus,ashby,arcturus
"Arena Intelligence, Inc.",ashby,arena
Array Behavioral Care,ashby,array-behavioral-care
"Artificial Analysis, Inc.",ashby,artificialanalysis
Artisan,ashby,artisan
Atlan,ashby,atlan
Atlas Residential,ashby,atlasresidential
Atria,ashby,atria
Augur Initiative Ltd,ashby,augur
August Health,ashby,august-health
Aurora Solar,ashby,aurorasolar
Avoca,ashby,avoca
Babbel,ashby,babbel
Basecamp Research,ashby,basecamp-research
Baseten,ashby,baseten
Beam Impact,ashby,beamimpact
Bedrock Data,ashby,bedrock
Billie,ashby,billie
Blackbird Labs Inc,ashby,blackbird-labs-inc
Blockit AI,ashby,blockit
Blossom Health,ashby,blossom-health
Body & Soul Studios,ashby,bodysoul
Bolt,ashby,bolt
Boom,ashby,boom
BotCrew,ashby,botcrew
Bounce,ashby,bounce
Brellium,ashby,brellium
Brightstar.AI,ashby,brightstar-ai
Brimstone,ashby,brimstone
Brisk Teaching,ashby,brisk-teaching
Browserbase,ashby,browserbase
Build Technologies,ashby,build
bunch,ashby,bunch
Button Labs,ashby,button
C1,ashby,c1
Cambio AI Inc.,ashby,cambio
Campfire,ashby,campfire
Camunda,ashby,camunda
cargo.one,ashby,cargo-one
Caruso,ashby,caruso
Casium,ashby,casium
Catena,ashby,catena-labs
Chalk,ashby,chalk
Chalkboard,ashby,chalkboard
Chamber,ashby,chamber
Character.AI,ashby,character
Chatbase,ashby,chatbase
Chestnut,ashby,chestnut
Chief,ashby,chief
Chord,ashby,chord
Circular Economy Systems,ashby,circulareconomysystems
Citadel AI,ashby,citadel-ai
CivilGrid,ashby,civilgrid
Claim Health,ashby,claim-health
ClarityPay,ashby,claritypay
Clasp,ashby,clasp-group
ClearBank,ashby,clearbank
Clearco,ashby,clearco
Clera,ashby,clera
Cloud9,ashby,cloud9
CloudKitchens,ashby,cloudkitchens
Cluely,ashby,cluely
Coefficient Giving,ashby,coefficientgiving
Cohen Immigration Law,ashby,cohen-immigration-law
Cold Start Ventures,ashby,coldstartventures
Comfy,ashby,comfy-org
Comity,ashby,comity
Compa,ashby,compa
comstruct ICT,ashby,comstruct
Conductor,ashby,conductor
Confiant,ashby,confiant
Confluent,ashby,confluent
Connectly Inc,ashby,connectly
Console,ashby,console
Contoro Inc.,ashby,contoro
Contra,ashby,contra
Conversion,ashby,conversion
Copilot Money,ashby,copilot-money
Core of the Heart,ashby,coreoftheheart
coreflow,ashby,coreflow
Cracken,ashby,crackenagi
CreatorIQ,ashby,creatoriq
Curie,ashby,curie
Customuse,ashby,customuse
Dandelion Energy,ashby,dandelion
Dandy,ashby,dandy
Darkroom,ashby,darkroom
DatologyAI,ashby,datologyai
DayDream,ashby,daydream
Decimal,ashby,decimal
Defy Security,ashby,defy-security
Depot,ashby,depot
Dex,ashby,dex
Distributor Wire & Cable,ashby,distributor-wire-cable
Domu AI,ashby,domu
DOSS,ashby,doss
dottxt,ashby,dottxt
Double,ashby,double
Drata,ashby,drata
Drogue,ashby,drogue
Droyd,ashby,droyd
Easygenerator,ashby,easygenerator
Echo Neurotechnologies,ashby,echo
Ediphi,ashby,ediphi
Edra,ashby,edra
Eight Sleep,ashby,eightsleep
EliseAI,ashby,eliseai
ellamind,ashby,ellamind
Elliptic,ashby,elliptic
Emanate,ashby,emanate
Emergence Software,ashby,emergence
Empathic,ashby,empathic
Equi,ashby,equi
Escape Technologies,ashby,escape
Ethyca,ashby,ethyca
Euphoric Global,ashby,euphoric
Eventual,ashby,eventual
Evervault,ashby,evervault
F2,ashby,f2-ai
Fable Security,ashby,fable
Fabrion,ashby,fabrion
Factory,ashby,factory
Faculty,ashby,faculty
Falconer,ashby,falconer
Farsight AI,ashby,farsight
Faves,ashby,faves
Feathery,ashby,feathery
Fencer,ashby,fencer
finally,ashby,finally
FINNY,ashby,finny
Finout,ashby,finout
Firebird Music,ashby,firebirdmusic
Firecrawl,ashby,firecrawl
First Round Capital,ashby,firstround
First Street,ashby,firststreet
Flagler Health,ashby,flaglerhealth
FleetWorks,ashby,fleetworks
Flipper,ashby,flipper
FLORA,ashby,flora
Flow Engineering,ashby,flowengineering
Flox,ashby,flox
FlutterFlow,ashby,flutterflow
Fnatic,ashby,fnatic
Forma,ashby,forma
Foundation,ashby,foundation
FourTwoThree,ashby,fourtwothree
Freckle,ashby,freckle
Frontier Audio,ashby,frontier
ftmo,ashby,ftmo
Fundamental,ashby,fundamental
Gadget,ashby,gadget
Geoforce,ashby,geoforce
GetGround,ashby,getground
Giga,ashby,gigaml
Go Nimbly,ashby,go-nimbly
Good Maven,ashby,goodmaven
GoodData,ashby,gooddata
GoodShip,ashby,goodship
GotPhoto,ashby,gotphoto
GPTZero,ashby,gptzero
gradient,ashby,gradient
Granola,ashby,granola
GreenLight Workforce Solutions Inc,ashby,greenlight-workforce-solutions
GreenLite,ashby,greenlitecareers
Gridium,ashby,gridium
GridUnity,ashby,gridunity
Gruntwork,ashby,gruntwork
Hawk-Eye Innovations (HEI),ashby,hawkeyeinnovations
Hayla,ashby,hayla
Haystack News,ashby,haystacknews
Hazel,ashby,hazel
"HealthAxis Group, LLC",ashby,healthaxis
Heirloom Carbon,ashby,heirloomcarbon
Hera,ashby,hellohera
Hike Medical,ashby,hike-medical
Hinge Health,ashby,hinge-health
Hopae,ashby,hopae
Hostinger,ashby,hostinger
HUMAN,ashby,human
Hypercore Inc.,ashby,hypercore
hyperexponential,ashby,hyperexponential
HyperHug,ashby,hyperhug
IA Collaborative,ashby,iacollaborative
"Iambic Therapeutics, Inc",ashby,iambic-therapeutics
Ibotta,ashby,ibotta
Ignition,ashby,ignition
Improbable,ashby,improbable
Ineffable Intelligence,ashby,ineffable
Inference,ashby,inference
Infinitus Systems,ashby,infinitus
Innatera Nanosystems,ashby,innatera
insitro,ashby,insitro
IntusCare,ashby,intus
Isometric,ashby,isometric
iyo,ashby,iyo
Jack & Jill,ashby,jack-jill-external-ats
JustPlay GmbH,ashby,justplay-gmbh
k-ID,ashby,k-id
Kafene,ashby,kafene
Kale,ashby,kale
Kamiwaza AI,ashby,kamiwaza
Kastle,ashby,kastle
Kinetic,ashby,kinetic
Kins,ashby,kins
Kiwi Financial Inc,ashby,kiwi
Klarity,ashby,klarity-ai
Kodifly,ashby,kodifly
Kognitos,ashby,kognitos
Kognity,ashby,kognity
Lanai,ashby,lanai
Lance,ashby,lance
LatamCent,ashby,latamcent
LawDepot,ashby,lawdepot
Ledger,ashby,ledger
LENS Inc.,ashby,lens
LeoVegas Gaming Group,ashby,leovegas
Lexroom,ashby,lexroom
LG Ad Solutions,ashby,lgads
Limbic,ashby,limbic
Limble,ashby,limble
Liquid AI,ashby,liquid-ai
LiveFlow,ashby,liveflow
livingHR,ashby,livinghr
Loadshare,ashby,loadshare
Lotus Health AI,ashby,lotushealth
Lovelace AI,ashby,lovelace
LucidLink,ashby,lucidlink
Lumen,ashby,lumen
Lumilens,ashby,lumilens
Luminai,ashby,luminai
Lunar,ashby,lunar
Macroscope,ashby,macroscope
Made Card,ashby,madecard
MAI,ashby,mai
Mandolin,ashby,mandolin
Marloo,ashby,marloo
Masabi,ashby,masabi
Maxima Consulting,ashby,maxima-consulting
Maybern,ashby,maybern
Maze,ashby,mazehq
Meadow,ashby,meadow
"Mechanize, Inc.",ashby,mechanize
Menlo Security,ashby,menlosecurity
Mento,ashby,mento
Mercura,ashby,mercura
Meter,ashby,meter
Migaku,ashby,migaku
Mirage,ashby,mirage
Monk,ashby,monk
Monte Carlo,ashby,montecarlodata
Motorway,ashby,motorway
MOXFIVE,ashby,moxfive
N1,ashby,n1
Nava Benefits,ashby,nava-benefits
Ncontracts,ashby,ncontracts
Need,ashby,need
Neon,ashby,neon
NerdWallet,ashby,nerdwallet
NetEase,ashby,netease
Netwealth,ashby,netwealth
Neuroscale AI,ashby,neuroscale
Nevoya,ashby,nevoya
New Culture,ashby,new-culture
Nextdata,ashby,nextdata
NextLink Labs,ashby,nextlinklabs
Nirvana Insurance,ashby,nirvana
Noise Labs,ashby,noise-labs
Novel,ashby,novel
"Nuon, Inc.",ashby,nuon
Nusano,ashby,nusano
Odin,ashby,odin
Oh,ashby,oh
Oma Fertility,ashby,omafertility
Omi,ashby,omi
Omnea,ashby,omnea
On Me Gifting,ashby,onme
OnHires,ashby,onhires
Onton,ashby,onton
Onyx Bio,ashby,onyx-bio
Open Home Foundation,ashby,openhomefoundation
OpsMill,ashby,opsmill
Opus Medical,ashby,opus-medical
OpusClip,ashby,opusclip
Orb,ashby,orb
Orita,ashby,orita
Oso,ashby,oso
OurRitual,ashby,ourritual
Outsmart,ashby,outsmart
Overtone,ashby,overtone
Overview Energy,ashby,overviewenergy
Oyster,ashby,oyster
"Pair Eyewear, Inc.",ashby,paireyewear
Palladio AI,ashby,palladio
Pandektes,ashby,pandektes
Parallel Web Systems,ashby,parallel
Patreon,ashby,patreon
Pearl Health,ashby,pearlhealth
Pennylane SAS,ashby,pennylane
People Data Labs,ashby,people-data-labs
Periodic Labs,ashby,periodic-labs
PermitFlow,ashby,permitflow
Pesto,ashby,pesto
Phia,ashby,phia
Phonely,ashby,phonely
Pilgrim,ashby,pilgrim
Playpower Labs,ashby,playpowerlabs
Playson,ashby,playson
Podium Automation,ashby,podium-automation
Polène Paris,ashby,polene-paris
Popl Co,ashby,popl
Post.,ashby,post
Pragmatike,ashby,pragmatike
"ProCure, LLC",ashby,procure
ProductNow,ashby,product-now
prometheus,ashby,prometheus
Propel,ashby,propel
Propelus,ashby,propelus
Prosper AI,ashby,prosper-ai
Public Cloud Group,ashby,publiccloudgroup
QED.ai,ashby,qed-ai
Raiku,ashby,raiku
Raptive,ashby,raptive
Ravenna,ashby,ravenna
Realm,ashby,realmalliance
Recruiting School,ashby,recruitingschool
Red Metals,ashby,redmetals
Reflection,ashby,reflectionai
"Remarcable, Inc.",ashby,remarcable-inc
Render,ashby,render
Reonic,ashby,reonic
Rerun,ashby,rerun
Reson8,ashby,reson8
Reve,ashby,reve
RevenueCat,ashby,revenuecat
Revic,ashby,revic
RF Labs,ashby,rf-labs
Ribbon AI,ashby,ribbon-ai
Rilla,ashby,rilla
River Rock Academy,ashby,river-rock-academy
Robin Ai,ashby,robin-ai
Rollstack,ashby,rollstack
roobet,ashby,roobet
Rothy's,ashby,rothys
Rowan Digital Infrastructure,ashby,rowan
Ruby Labs,ashby,ruby-labs
Runa,ashby,runa
Runway,ashby,runway-ml
Rythm Health,ashby,rythm
Safi,ashby,safi
Sage Care Inc,ashby,sagecare
Sailpeak,ashby,sailpeak
SalesAPE.ai,ashby,salesape-ai
Salonkee,ashby,salonkee
Sana,ashby,sana-roles
SandboxAQ,ashby,sandboxaq
Saris AI,ashby,saris-ai
SavvyMoney,ashby,savvymoney
Scan.com,ashby,scan-com
"Scribd, Inc.",ashby,scribdinc
Scribe,ashby,scribe
Secfix,ashby,secfix
Sellfire,ashby,sellfire
Semgrep,ashby,semgrep
"Sent, Inc.",ashby,sent
Sereact,ashby,sereact
Serval,ashby,serval
sherpa°,ashby,joinsherpa
Siena AI,ashby,siena
Sift,ashby,sift
SIO Logistics,ashby,sio-logistics
Skip,ashby,skip
SkyWatch,ashby,skywatch
Snapdocs,ashby,snapdocs
Sofar Ocean,ashby,sofarocean
Softlight,ashby,softlight
Solva Technology,ashby,solva
Sorcerer,ashby,sorcerer
Spare,ashby,spare
Spellbrush,ashby,spellbrush
Spherical,ashby,spherical
Stable,ashby,stable
Stainless,ashby,stainlessapi
Statsig,ashby,statsig
Stay22,ashby,stay22
Stepful,ashby,stepful
Sticker Mule,ashby,stickermule
Stream,ashby,stream
Sublime Security,ashby,sublime-security
Subspace,ashby,subspace
Succinct,ashby,succinct
Sully.ai,ashby,sully-ai
Summation,ashby,summation
Sunrise Robotics Corporation,ashby,sunrise
Sunset,ashby,sunset
Supabase,ashby,supabase
Symbiotic,ashby,symbiotic
Synthflow AI,ashby,synthflow
Syrup,ashby,syrup
Taara,ashby,taaraconnect
Tacto,ashby,tacto
Taktile,ashby,taktile
Tamarind Bio,ashby,tamarindbio
TapBlaze,ashby,tapblaze
Taptap Send,ashby,taptapsend
Tasman Analytics,ashby,tasman
Tavily,ashby,tavily
Techtorch,ashby,techtorch
Tenex,ashby,tenexlabs
TensorWave,ashby,tensorwave
Terranova,ashby,terranova
Tessl,ashby,tesslcareers
Tetrix,ashby,tetrix
thatgamecompany,ashby,thatgamecompany
The Virga Law Firm,ashby,the-virga-law-firm
The WFS Group,ashby,thewfsgroup
Thorit,ashby,thorit
Thrill Labs,ashby,thrill-labs
Titan,ashby,titan
Tonal,ashby,tonal
"Town.com, Inc.",ashby,town
Tradeify,ashby,tradeify
Tread,ashby,tread
Trengo,ashby,careerstrengo
turbopuffer,ashby,turbopuffer
Twelve,ashby,twelve
Tyba,ashby,tyba
Ultralytics,ashby,ultralytics
UnlikelyAI,ashby,unlikelyai
Unstructured Technologies Inc.,ashby,unstructured
Vapi,ashby,vapi
Vellum,ashby,vellum
Velocity,ashby,velocity
Vendelux,ashby,vendelux
Verto,ashby,verto
VibeCode,ashby,vibecode
Victorious,ashby,victorious
Viessmann Generations Group,ashby,viessmann
Viktor,ashby,viktor
VIOLET,ashby,violet
Virtuous,ashby,virtuous
Vital Lyfe,ashby,vital-lyfe
Vitalize,ashby,vitalize
VitVio,ashby,vitvio
Vizzia,ashby,vizzia
Vola Dynamics,ashby,voladynamics
Voldex Games,ashby,voldex
Voltrac S.L.,ashby,voltrac
Voxel,ashby,voxel
VREY,ashby,vrey
webAI,ashby,webai
Wemolo,ashby,wemolo
Wheel,ashby,wheel
Whippy,ashby,whippy
Wisp,ashby,wisp
Wispr Flow,ashby,wispr-flow
Wissen,ashby,wissen
Witness AI,ashby,witnessai
WorkWhile,ashby,workwhilejobs
Wraithwatch Corporation,ashby,wraithwatch
Xero,ashby,xero
yeet,ashby,yeet
Yobi,ashby,yobi
Yotta Labs,ashby,yotta
Zapier,ashby,zapier
Zed,ashby,zed
Zenjob,ashby,zenjob
Zero RFI,ashby,zero
ZnanyLekarz,ashby,znanylekarz
Zowie,ashby,zowie
1-800 Contacts,greenhouse,1800contacts
10a Labs,greenhouse,10alabs
3Cloud,greenhouse,3cloud
3MG Roofing & Solar,greenhouse,3mgroofing
5minlab,greenhouse,5minlab
A Thinking Ape,greenhouse,athinkingape
Abaka AI,greenhouse,abakaai
ABC Legal Services,greenhouse,abclegalservices
Abnormal,greenhouse,abnormalsecurity
Adaptive Financial Consulting,greenhouse,adaptivefinancialconsulting
Addepar,greenhouse,addepar1
ADESA,greenhouse,adesa
ADF International,greenhouse,adfinternational
"Adswerve, Inc",greenhouse,adswerveinc
Advanced Space,greenhouse,advancedspace
Age Bold,greenhouse,agebold
AirTrunk,greenhouse,airtrunk
Aisera,greenhouse,aiserajobs
AKKO,greenhouse,akko
Alamar Biosciences,greenhouse,alamarbiosciences
AlayaCare,greenhouse,alayacare
Alchemer,greenhouse,alchemer
Alliance Defending Freedom,greenhouse,alliancedefendingfreedom
ALO,greenhouse,aloyoga
AlphaGrep Securities,greenhouse,alphagrepsecurities
Amae Health,greenhouse,amaehealth
Amperity,greenhouse,amperity
Apiiro,greenhouse,apiiro
Applied Engineering,greenhouse,appliedengineering
AppLovin,greenhouse,applovin
Appspace,greenhouse,appspace
Arc Institute,greenhouse,arcinstitute
Arine,greenhouse,arine
Ark Veterinary Hospital & Urgent Care,greenhouse,ark
Arkose Labs,greenhouse,arkoselabs
Art of Problem Solving,greenhouse,artofproblemsolving
ASG,greenhouse,asg
"ASSYST, Inc.",greenhouse,assystinc
Athletics - Private,greenhouse,athletics
Atrium Campus,greenhouse,atriumcampus
audibene / hear.com,greenhouse,audibenehearcom
Aviator Nation,greenhouse,aviatornation
Aya Healthcare,greenhouse,ayahealthcare
Bain Capital Ventures,greenhouse,baincapitalventures
Bankrate,greenhouse,bankrate
Barbarian,greenhouse,barbarian
Baselayer,greenhouse,baselayer
Battery,greenhouse,batteryventures
Beautiful.ai,greenhouse,beautifulai
BELLA+CANVAS,greenhouse,bellacanvas
Bellroy,greenhouse,bellroy
Bethesda Physical Therapy,greenhouse,bethesda
Betsson Group,greenhouse,betsson
Beyond ONE,greenhouse,beyondone
BIMM,greenhouse,bimm
Biohub,greenhouse,biohub
biomodal,greenhouse,biomodal
Bird,greenhouse,bird
Birdy Grey,greenhouse,birdygrey
BlackEdge Capital,greenhouse,blackedgecapital
BlackSky,greenhouse,blacksky
Blockchain.com,greenhouse,blockchain
Blue Star Families,greenhouse,bluestarfamilies
Blue Water Thinking,greenhouse,bluewaterthinking
BlueCrest Capital Management,greenhouse,bluecrestcapitalmanagement
BlueSky Telepsych,greenhouse,blueskytelepsych
Bluestaq AUS External,greenhouse,bluestaqaus
Bondora,greenhouse,bondora
BPD,greenhouse,bpd
Bracebridge Capital,greenhouse,bracebridgecapital
BrainRocket,greenhouse,brainrocketltd
BrightSign,greenhouse,brightsign
Businessolver,greenhouse,businessolver
Butterfly Network,greenhouse,butterflynetwork
Butternut Box,greenhouse,butternutbox
Buutti CodeMatch,greenhouse,codematch
Buynomics,greenhouse,buynomics
CAIS,greenhouse,cais
Cake,greenhouse,cakeai
Calyxo,greenhouse,calyxo
CapIntel,greenhouse,capintel
Careers at Tide,greenhouse,tide
CarOnSale,greenhouse,caronsale
Carta,greenhouse,carta
"Catch Creation, LLC",greenhouse,catchcreationllc
CB4,greenhouse,cb4
Celigo,greenhouse,celigo
Center for Employment Opportunities,greenhouse,centerforemploymentopportunities
Centria Autism,greenhouse,centriaautism
Cerebras Systems,greenhouse,cerebrassystems
ChargePoint,greenhouse,chargepoint
Charleys,greenhouse,charleys
Checkr,greenhouse,checkr
"Cirkul, Inc",greenhouse,cirkul
"Citrus Health Group, Inc",greenhouse,citrushealthgroup
Cohere Health,greenhouse,coherehealth
Collectively,greenhouse,collectively
"CompuNet, Inc.",greenhouse,compunetinc
Contentstack,greenhouse,contentstack
Cortex,greenhouse,cortex
Counterpart Health,greenhouse,counterparthealth
CoVar,greenhouse,covar
Cresco Labs,greenhouse,crescolabs
Cresta,greenhouse,cresta
Cribl,greenhouse,cribl
Crisp Recruit,greenhouse,crisprecruit
DAS42,greenhouse,das42
dbt Labs,greenhouse,dbtlabsinc
Dcard,greenhouse,dcard
Dev Technology,greenhouse,devtechnology
DH Pace,greenhouse,dhpace
Digimarc,greenhouse,digimarc
Diligent Corporation,greenhouse,diligentcorporation
Dinosaur Car Wash,greenhouse,dino
DoorDash Australia,greenhouse,doordashaustralia
Dots,greenhouse,dots
DreaMotion,greenhouse,dreamotion
Duda,greenhouse,duda
Dwelly,greenhouse,dwelly
Easygo,greenhouse,easygo
ecoATM | Gazelle,greenhouse,ecoatmgazelle
Electra,greenhouse,electrasteel
Electric Kiwi,greenhouse,electrickiwi
Electrosoft,greenhouse,electrosoft
eLEND,greenhouse,elend
Elite Dental Partners,greenhouse,elitedentalpartnersllc
Elite Technology,greenhouse,elitetechnology
Elligint Health,greenhouse,elliginthealth
"Employment Opportunities at BuzzFeed, Inc.",greenhouse,buzzfeed
Enavate,greenhouse,enavatecareers
Enboarder,greenhouse,enboarder
Endeavour. Inspired Infrastructure.,greenhouse,endeavourinspiredinfrastructure
Ensono,greenhouse,ensono
Enveritas,greenhouse,enveritas
Ethos Life,greenhouse,ethoslife
Events,greenhouse,events
Exabeam,greenhouse,exabeam
Exadel Inc (Website),greenhouse,exadelinc
Exclaimer,greenhouse,exclaimer
Expel,greenhouse,expel
fairlife,greenhouse,fairlife
Fairstead ESC LLC,greenhouse,fairsteadescllc
Faropoint,greenhouse,faropoint
FeverUp,greenhouse,feverup
First Connect Insurance,greenhouse,firstconnectinsurance
Five & Done,greenhouse,fivedone
Fleetio,greenhouse,fleetio
Flock Homes,greenhouse,flockhomes
Flowcode,greenhouse,flowcode
FlowFuse,greenhouse,flowfuse
Fluxon,greenhouse,fluxon
FlyFlat,greenhouse,flyflat
Foothold Technology,greenhouse,footholdtechnology
Forage,greenhouse,joinforage
Foresight Mental Health,greenhouse,foresightmentalhealth
Forsgren Associates,greenhouse,forsgrenassociates
Fospha,greenhouse,fosphamarketing
Foundry,greenhouse,foundry
Fulcrum GT—Startup Lab [2026],greenhouse,fulcrumgt
Future Secure AI,greenhouse,futuresecureai
G2IT,greenhouse,g2it
Galaxia Technologies Inc.,greenhouse,galaxiatech
Gametime United,greenhouse,gametimeunited
General Catalyst,greenhouse,generalcatalyst
General Interest,greenhouse,general
General Legal,greenhouse,generallegalllp
GitLab,greenhouse,gitlab
Global Relay,greenhouse,globalrelay
Glyphic Biotechnologies,greenhouse,glyphicbiotechnologies
GoCardless,greenhouse,gocardless
Golden State,greenhouse,goldenstate
Goodhouse,greenhouse,goodhouse
Gore Mutual Insurance,greenhouse,goremutualinsurance
Gracious Hospitality Management,greenhouse,gracioushospitality
Gradial,greenhouse,gradial
Gradient AI,greenhouse,gradientai
"Graham Capital Management, L.P.",greenhouse,grahamcapitalmanagement
Greenhouse,greenhouse,greenhouse
Grey US,greenhouse,greyus
Grove Collaborative,greenhouse,grovecollaborative
GT'S Living Foods,greenhouse,gtslivingfoods
"Gusto, Inc.",greenhouse,gusto
Habitat Health,greenhouse,habitathealth
Hankook Tire America Corp.,greenhouse,hankooktireamericacorp
Happy Money,greenhouse,happymoney
HBK Capital Management,greenhouse,hbkcapitalmanagement
Headspace Providers,greenhouse,headspaceproviders
HG Insights,greenhouse,hginsights
Hidden Events,greenhouse,jshiddenevents
Highwire,greenhouse,highwire
Hillel International,greenhouse,hillel
Hive Financial Systems,greenhouse,hivefinancialsystems
Holder Construction,greenhouse,holderconstruction
Hologram,greenhouse,hologram
Homeward,greenhouse,homewardhealth
Hone Health,greenhouse,honehealth
HopSkipDrive,greenhouse,hopskipdrive
Huntress,greenhouse,huntress
Hyphen Connect Limited,greenhouse,hyphenconnect
iCapital,greenhouse,icapitalnetwork
Ice Miller,greenhouse,icemiller
ID.me,greenhouse,idme
IEX Group,greenhouse,iex
Imagine Worldwide,greenhouse,imagineworldwide
Impinj,greenhouse,impinjexternal
Impinj - DEV,greenhouse,impinj
Indeed,greenhouse,indeed
Indie Campers,greenhouse,indiecampers
Infront,greenhouse,infront
Inspire Medical Systems Inc.,greenhouse,inspiremedicalsystemsinc
interpath,greenhouse,interpath
invisible,greenhouse,invisible
Invisible Technologies,greenhouse,invisibletech
ionos,greenhouse,ionos
Iovance Biotherapeutics,greenhouse,iovancebiotherapeutics
ism,greenhouse,ism
itel,greenhouse,itel
Jane Street,greenhouse,janestreet
jcdecaux,greenhouse,jcdecaux
Journee Technologies GmbH,greenhouse,journee
jugabet,greenhouse,jugabet
Jukebox Health,greenhouse,jukeboxhealth
justjoin,greenhouse,justjoin
jwhr,greenhouse,jwhr
kambi,greenhouse,kambi
kayzen,greenhouse,kayzen
keepitsafe,greenhouse,keepitsafe
kingston,greenhouse,kingston
Kizen,greenhouse,kizen
knr,greenhouse,knr
Koddi,greenhouse,koddi
Kodiak,greenhouse,kodiak
kona,greenhouse,kona
KONUX,greenhouse,konux
korea,greenhouse,korea
Labelbox,greenhouse,labelbox
Launchpad Technologies,greenhouse,launchpadtechnologiesinc
Layer Health,greenhouse,layerhealth
Legion,greenhouse,legion
lektechnologygroup,greenhouse,lektechnologygroup
licor,greenhouse,licor
lig,greenhouse,lig
lightricks,greenhouse,lightricks
loancore,greenhouse,loancore
localjobs,greenhouse,localjobs
longmark,greenhouse,longmark
lts,greenhouse,lts
Ludia Consulting,greenhouse,ludiaconsulting
Lumimeds,greenhouse,lumimeds
Magic Leap,greenhouse,magicleap
magnit,greenhouse,magnit
Make-A-Wish America,greenhouse,makeawishamerica
marqueeig1,greenhouse,marqueeig1
mathersplendido,greenhouse,mathersplendido
Maven Clinic,greenhouse,mavenclinic
May Mobility,greenhouse,maymobility
Maybell Quantum Industries,greenhouse,maybellquantum
mce,greenhouse,mce
mediatonic,greenhouse,mediatonic
Melio,greenhouse,melio
meshopticaltechnologies,greenhouse,meshopticaltechnologies
"MetOx International, Inc.",greenhouse,metoxinternationalinc
MindsDB,greenhouse,mindsdb
minimal,greenhouse,minimal
MinIO,greenhouse,minio
minthouse,greenhouse,minthouse
minty,greenhouse,minty
miraibio,greenhouse,miraibio
Misfits Market,greenhouse,misfitsmarket
missionhealthcare,greenhouse,missionhealthcare
MLB on Deck Sales Program,greenhouse,mlbondeck
mm,greenhouse,mm
mobility,greenhouse,mobility
Modern Animal,greenhouse,modernanimal
Moloco,greenhouse,moloco
momentous,greenhouse,momentous
moveworks,greenhouse,moveworks
moxxidigital,greenhouse,moxxidigital
MrBeast,greenhouse,mrbeastyoutube
Muon Space,greenhouse,muonspace
mx51,greenhouse,mx51
myfavoritetherapists,greenhouse,myfavoritetherapists
n26,greenhouse,n26
n2alljobs,greenhouse,n2alljobs
Nansen.ai,greenhouse,nansen
NAVER VIETNAM,greenhouse,navervietnam
NavVis,greenhouse,navvis
nds,greenhouse,nds
Nebius,greenhouse,nebius
Neighbors Bank,greenhouse,neighborsbank
netcraft,greenhouse,netcraft
netsage,greenhouse,netsage
netskope,greenhouse,netskope
nexus,greenhouse,nexus
"Nightdive Studios, Inc.",greenhouse,nightdivestudios
nintex,greenhouse,nintex
Nira Energy,greenhouse,niraenergy
nitrosoftwareinc,greenhouse,nitrosoftwareinc
none098908,greenhouse,none098908
northmarq,greenhouse,northmarq
northsidepreparatoryacademy,greenhouse,northsidepreparatoryacademy
ntx,greenhouse,ntx
Nucleus Global,greenhouse,nucleus
nuvalent,greenhouse,nuvalent
observeai,greenhouse,observeai
Obsidian Security,greenhouse,obsidiansecurity
oceania,greenhouse,oceania
Ocrolus Inc.,greenhouse,ocrolusinc
Ogilvy Australia,greenhouse,ogilvyaus
Ogilvy Social.Lab,greenhouse,sociallab
oldcity,greenhouse,oldcity
omicron,greenhouse,omicron
Omidyar Network,greenhouse,omidyarnetwork
oneskin,greenhouse,oneskin
onX,greenhouse,onxmaps
oodlefinance,greenhouse,oodlefinance
OpenEye,greenhouse,openeye
OpenFX,greenhouse,openfx
openzeppelin,greenhouse,openzeppelin
optimadermatologycareers,greenhouse,optimadermatologycareers
outsiders,greenhouse,outsiders
pact,greenhouse,pact
pactlabs,greenhouse,pactlabs
Panther,greenhouse,pantherlabs
paystand,greenhouse,paystand
Penn Interactive,greenhouse,penninteractive
Per Scholas,greenhouse,perscholashires
Peregrine Technologies,greenhouse,peregrinetechnologies
Pharo Management,greenhouse,pharomanagement
PhaseV,greenhouse,phasev
philliesgameday,greenhouse,philliesgameday
Philo,greenhouse,philo
Philz Coffee,greenhouse,philzcoffeecareers
Phizenix,greenhouse,phizenix
Piermont Bank,greenhouse,piermontbank
pixocial,greenhouse,pixocial
playworks96,greenhouse,playworks96
Point C,greenhouse,pointc
polygonus,greenhouse,polygonus
preacher,greenhouse,preacher
Presidents Institute,greenhouse,presidents
presidentssummit,greenhouse,presidentssummit
privacy,greenhouse,privacy
Profluent,greenhouse,profluent
Prove,greenhouse,prove
provider,greenhouse,provider
psg,greenhouse,psg
pti,greenhouse,pti
quilt,greenhouse,quilt
Raptor Technologies,greenhouse,raptortechnologies
rater8,greenhouse,rater8
Reach Financial,greenhouse,reach
reach3insights,greenhouse,reach3insights
readysettechnologyinc,greenhouse,readysettechnologyinc
redventures,greenhouse,redventures
released,greenhouse,released
reproductivefreedomforall,greenhouse,reproductivefreedomforall
Resolve To Save Lives,greenhouse,resolvetosavelives
rialtic,greenhouse,rialtic
riotgames,greenhouse,riotgames
rjm,greenhouse,rjm
rmci,greenhouse,rmci
Rocket Lab Corporation,greenhouse,rocketlab
rocketreach,greenhouse,rocketreach
sage,greenhouse,sage
Saltbox,greenhouse,saltbox
saltsecurity,greenhouse,saltsecurity
samaraaerospace,greenhouse,samaraaerospace
samsungresearchamerica,greenhouse,samsungresearchamerica
sandstonechantilly,greenhouse,sandstonechantilly
sandstonevirginia,greenhouse,sandstonevirginia
sas,greenhouse,sas
schoolstatus,greenhouse,schoolstatus
"Scorpion Enterprises, LLC",greenhouse,scorpionenterprisesllc
Scotch,greenhouse,scotch
scribbr,greenhouse,scribbr
seafireresortltd,greenhouse,seafireresortltd
Securitize,greenhouse,securitize
Self Financial,greenhouse,selffinancial
sendbird,greenhouse,sendbird
SESAMm,greenhouse,sesamm
SetSales,greenhouse,setsales
SharkNinja,greenhouse,sharkninjaoperatingllc
Shift4,greenhouse,shift4
shipmonk,greenhouse,shipmonk
Shopfully,greenhouse,shopfully
signpost,greenhouse,signpost
silversky,greenhouse,silversky
Silvus Technologies,greenhouse,silvus
Simplesense,greenhouse,simplesense
simply,greenhouse,simply
SimplyTold,greenhouse,simplytold
SingleStore,greenhouse,singlestore
singularity6,greenhouse,singularity6
Sixth Street,greenhouse,sixthstreet
Smartly,greenhouse,smartlyio
solarengine,greenhouse,solarengine
Solaris,greenhouse,solarisbank
solutions,greenhouse,solutions
sonymusiccareersitaly,greenhouse,sonymusiccareersitaly
SoundCloud,greenhouse,soundcloud71
sourcengine,greenhouse,sourcengine
sourcescrub,greenhouse,sourcescrub
spaceship,greenhouse,spaceship
spain,greenhouse,spain
SPARETECH,greenhouse,sparetech
sptc,greenhouse,sptc
spyretherapeutics,greenhouse,spyretherapeutics
StarTree,greenhouse,startree
stepmobile,greenhouse,stepmobile
Studio Designer,greenhouse,studiodesigner
submittable,greenhouse,submittable
Subsplash,greenhouse,subsplash
Sunnyside*,greenhouse,sunnyside
sunriseaba,greenhouse,sunriseaba
Swan Bitcoin,greenhouse,swanbitcoin
swellmedia,greenhouse,swellmedia
swimtopia,greenhouse,swimtopia
swoogo,greenhouse,swoogo
sylogist,greenhouse,sylogist
symphony,greenhouse,symphony
syp,greenhouse,syp
systemintegration,greenhouse,systemintegration
Tailscale,greenhouse,tailscale
Talon.One,greenhouse,talonone
teachstone,greenhouse,teachstone
TEGNA Inc.,greenhouse,tegnainc
telixus,greenhouse,telixus
tenon,greenhouse,tenon
Tenstorrent University Jobs,greenhouse,tenstorrentuniversity
terniumrevenuecyclemanagement,greenhouse,terniumrevenuecyclemanagement
testboard,greenhouse,testboard
testing,greenhouse,testing
The Allen Institute for Artificial Intelligence,greenhouse,thealleninstitute
The Children's Corner Learning Center,greenhouse,childrenscorner
theeconomistgroup,greenhouse,theeconomistgroup
theperiscopegroup,greenhouse,theperiscopegroup
Thiess,greenhouse,thiess
thinkzone,greenhouse,thinkzone
thorn,greenhouse,thorn
threecolts,greenhouse,threecolts
timeproofusa,greenhouse,timeproofusa
Tines,greenhouse,tines
Tint,greenhouse,tintai
townofsnowmassvillagecolorado,greenhouse,townofsnowmassvillagecolorado
Translucent,greenhouse,translucent
transmitsecurity,greenhouse,transmitsecurity
Treasury Prime,greenhouse,treasuryprime
Trinity Air Medical,greenhouse,trinityairmedical
trivago,greenhouse,trivago
trolley,greenhouse,trolley
True Anomaly,greenhouse,trueanomalyinc
TULA Skincare,greenhouse,tula
Two Six Technologies,greenhouse,twosixtechnologies
Typeform,greenhouse,typeform
tysonmendesllp,greenhouse,tysonmendesllp
uberfreight,greenhouse,uberfreight
ujet,greenhouse,ujet
Ultima Genomics,greenhouse,ultimagenomics
Unchained Labs,greenhouse,unchainedlabs
universityofclevelandpreparatoryschool,greenhouse,universityofclevelandpreparatoryschool
unlimitedtechnology,greenhouse,unlimitedtechnology
uplifter,greenhouse,uplifter
UPSTACK,greenhouse,upstack
upstart,greenhouse,upstart
urbancompass,greenhouse,urbancompass
urbansky,greenhouse,urbansky
us,greenhouse,us
Vail Health Hospital,greenhouse,vailclinicincdbavailhealthhospital
Valo Health,greenhouse,valohealth
valspec,greenhouse,valspec
vantagescore,greenhouse,vantagescore
Veo - Operations Careers,greenhouse,operationscareers
Vera Institute of Justice,greenhouse,verainstituteofjustice
veradata,greenhouse,veradata
verifone,greenhouse,verifone
vetevolve,greenhouse,vetevolve
Virtu Financial,greenhouse,virtu
vpaarizona,greenhouse,vpaarizona
vsi,greenhouse,vsi
vulncheck,greenhouse,vulncheck
vynamic,greenhouse,vynamic
Wasabi Technologies,greenhouse,wasabi
Wave,greenhouse,wavemm1
westernpartitionsinc,greenhouse,westernpartitionsinc
weuk,greenhouse,weuk
wilsonelser,greenhouse,wilsonelser
winrock,greenhouse,winrock
wongdoody,greenhouse,wongdoody
Workwize,greenhouse,workwize
Xantium,greenhouse,xantium
Xealth,greenhouse,xealth
xebiacee,greenhouse,xebiacee
XTX Markets,greenhouse,xtxmarketstechnologies
xund,greenhouse,xund
yep,greenhouse,yep
yerbamadre,greenhouse,yerbamadre
Yext,greenhouse,yext
Zinnia,greenhouse,zinnia
zola,greenhouse,zola
1inch,lever,1inch
5,lever,energy-by-5
Acceldata,lever,acceldata
"Accenture Infrastructure and Capital Projects, LLC",lever,InfrastructureandCapitalProjects
Accurate Background,lever,accurate
Actian Corporation,lever,actian
Adjarabet.com,lever,adjarabet
Aeris Partners,lever,aerispartners.com
Agiloft,lever,agiloft
AiFi,lever,aifi
Air-tek,lever,air-tek
Aircall,lever,aircall
airSlate,lever,airslate
Aledade,lever,aledade
Alif Semiconductor,lever,alifsemi
Alimentiv,lever,alimentiv-2
AllTrails,lever,alltrails
Amanotes,lever,amanotes
Amar Bank,lever,amarbank
American Tall,lever,americantall
AnalogFolk,lever,analogfolk
Anomali,lever,anomali
Ansatz Capital,lever,ansatzcapital
APCO Holdings,lever,apcoholdings
Apollo Agriculture,lever,apolloagriculture
Appfigures,lever,appfigures
AppFollow,lever,appfollow
Apple Tree Dental,lever,appletreedental
Apryse,lever,apryse
Arable,lever,arable
Arbitrum OpCo,lever,arbitrum-opco
Arbol,lever,Arbol
"Argonaut, Inc.",lever,argonaut
ARTBIO,lever,artbio
"Arvor Insurance, Inc",lever,arvor-insurance
ASAPP,lever,asapp-2
Assurance Careers,lever,assurance
Athlete to Athlete,lever,athletetoathlete
Atom Computing,lever,atomcomputing
Atomi,lever,atomi
Australian Ethical,lever,australianethical
Avenues Recovery,lever,avenuesrecovery
Avua UK Limited,lever,avua
Badge,lever,badge-group
"BAO, Inc",lever,baoinc
BDG,lever,BDG
Beam Benefits,lever,beam
Beamy,lever,Beamy
Bento Box Entertainment,lever,bentoboxent
Bespoke Post,lever,bespokepost
Best Egg,lever,BestEgg
Betr,lever,betr
Betstamp,lever,Betstamp
Better Life Partners,lever,betterlifepartners
BIS Safety Software,lever,bis
Bisnow,lever,bisnow
BizAway Trial,lever,bizaway
Blackbird Interactive,lever,blackbirdinteractive
BlackCloak,lever,BlackCloak
Blinq,lever,blinq
Blue Bottle Coffee,lever,bluebottlecoffee
Blue Engine,lever,blueengine
Blue Origin,lever,blueorigin
Bluesight,lever,bluesight
Bogaard Group International,lever,bogaardgroup
Bosta,lever,Bosta
Bounteous,lever,bounteous
BoxLunch & Hot Topic,lever,boxlunch
Brevo,lever,brevo
Cabo Norte Professionals,lever,cabonorte
Canvas Forum,lever,canvasforum
Canvas Medical,lever,canvasmedical
Capital Solutions Group,lever,capitalsolutionsgroup
capital.com,lever,capital
Cardiosense,lever,cardiosense
Carelinks ABA,lever,carelinks-aba
Carewest Innovative Healthcare,lever,carewest
Cascade Climate,lever,cascade-climate
Catalant,lever,gocatalant
CBT Nuggets,lever,cbtnuggets
Celara,lever,celaralabs
Celestia Labs,lever,celestia
Center for AI Safety,lever,aisafety
Charcuterie Artisans,lever,charcuterie
Charm Industrial,lever,charmindustrial
Cirque du Soleil Entertainment Group,lever,cirquedusoleil
Civitech,lever,civitech
CleanSpark,lever,cleanspark
Clinical Health Network For Transformation,lever,ClinicalHealthNetworkForTransformation
CLO Virtual Fashion,lever,clovirtualfashion
Cloudinary,lever,cloudinary
CoderPad,lever,coderpad
Coin Market Cap Ltd,lever,coinmarketcap
Cologix,lever,cologix
Commerce Architects,lever,commercearchitects
Commerce Undergraduate Society,lever,commerce-undergraduate
CommonLit,lever,commonlit
Community Action House,lever,communityactionhouse
Companial,lever,companial
Comply,lever,comply
Concurrency,lever,concurrency
ControlUp,lever,controlup
Convelio,lever,convelio
ConverseNow.ai,lever,ConverseNow
Cority,lever,cority
"Coupa Software, Inc.",lever,coupa
CPS,lever,cps
Creator Deck,lever,creatordeck
"CrossFit, LLC",lever,crossfit
Cryptic Studios,lever,crypticstudios
Culdesac,lever,culdesac
Cyngn,lever,cyngn
D.A. Davidson,lever,dadavidson
Daos hub,lever,daos-hub
Datalab USA,lever,datalabusa
Dataroid,lever,dataroid
DearDoc,lever,getdeardoc
Decile Group,lever,decilegroup
Demiurge Studios,lever,demiurgestudios
Deputy,lever,deputy
DevCycle,lever,devcycle
Dexterity,lever,dexterity
DIALOG,lever,dialogdesign
Digital Media Management,lever,digitalmediamanagement
Disney+ Hotstar,lever,hotstar
Diversified Automation,lever,diversified-automation
DN LLC,lever,dnllc
Doxel,lever,doxel
Dutch,lever,dutch
Dynamic Catholic,lever,dynamiccatholic
Easy Street Capital,lever,easystreetcap
Easybrain,lever,easybrain
EasyPost,lever,easypost-2
EDR,lever,edr
Emburse,lever,emburse
Emerson Collective,lever,emersoncollective
EMILYs List,lever,emilyslist
Enara Health,lever,EnaraHealth
EnGen,lever,voxy-engen
Entrata,lever,entrata
Envato,lever,envato-2
Enveda,lever,enveda
envelio,lever,envelio
EQ Bank | Equitable Bank,lever,eqbank
Equativ,lever,equativ
Er-Meds,lever,er-meds
Esper,lever,esper
Ethena Labs,lever,ethenalabs
Everlywell,lever,everlywell
Exploding Kittens,lever,explodingkittens
Factor,lever,factor
Falcon.io,lever,falcon
"Fate Therapeutics, Inc.",lever,fatetherapeutics
Favor,lever,askfavor
Felix Construction,lever,felix-construction
Fi,lever,fi
Field Fastener,lever,fieldfastener
"Findhelp, A Public Benefit Corporation",lever,findhelp
Findigs,lever,findigs
FireMon,lever,firemon
Firework,lever,fireworkhq
FiscalNote,lever,fiscalnote
FloQast,lever,floqast
Foxen Administration,lever,foxen
Fuel Labs,lever,fuellabs
Fullscript,lever,fullscript
fun.xyz,lever,funxyz
Fundrise,lever,fundrise
Future of Life Organizations,lever,futureof-life
Galatea Associates,lever,galatea-associates
Gate,lever,gate
Gauss Labs,lever,gausslabs
GenBio AI,lever,genbio
Genesis Global,lever,genesis
Glass Health Inc.,lever,glass-health-inc
Go RH,lever,gorh
Gogolook,lever,Gogolook
Good Eggs,lever,goodeggs
GoTo Group,lever,GoToGroup
Grant Street Group,lever,grantstreet
Gravie,lever,gravie
Gravis Robotics,lever,gravisrobotics
Great Gray,lever,great-gray-group
Gridline,lever,gridline
Grizzly,lever,grizzly.co
HAP Capital,lever,hap-capital
HappyCo,lever,happyco
"Hartizen Homes, LLC",lever,hartizenhomes
Hatch IT,lever,hatchit
Hawaiian Host Group,lever,hawaiianhost
Healthmark Group Trial,lever,healthmark-group
Heartbeat Health,lever,heartbeathealth
Heetch,lever,heetch
Hellotickets,lever,hellotickets
Hero Cosmetics,lever,herocosmetics
HEVO,lever,hevo
Hevo Data,lever,hevodata
Hey Jane,lever,heyjane
HHAeXchange,lever,hhaexchange
Hint Health,lever,hint
Hivemapper,lever,Hivemapper
Holloway,lever,holloway
HONK,lever,honkforhelp
Horizon Blue ABA,lever,horizon-blue-aba
Hot Topic & BoxLunch,lever,hottopic
Houzz,lever,houzz
Huckleberry Labs,lever,Huckleberrylabs
HUSH,lever,hush
IDMWORKS,lever,idmworks
Immiland Canada Inc.,lever,immiland-canada-inc
Inductive Automation,lever,inductiveautomation
Infinite pl,lever,infinitepl
INflow Federal,lever,inflowfed
Infobase,lever,infobase
InfraServices,lever,infraservices
Innophos,lever,innophos
Instrument,lever,instrument
Intersect,lever,intersect
Invinity Energy Systems,lever,invinity
Ippon Technologies,lever,ippon
Ironflow AI,lever,ironflow
Iru,lever,iru
ISEE,lever,isee
JamLoop,lever,jam-loop
JMA Wireless,lever,jmawireless
Johnson Hana,lever,johnson-hana
Journey Clinical,lever,JourneyClinical
K Group Companies,lever,kgroupcompanies
Kapwing,lever,kapwing
Kestrel Intelligence,lever,kestrel-intelligence
KlearNow.ai,lever,klearnow
Kogniz,lever,kogniz
Kolibri Games,lever,kolibrigames
Korro Bio,lever,korrobio
KPA,lever,kpaonline
Laminar Projects,lever,laminarprojects
Launch Housing,lever,launchhousing
Leadspace,lever,leadspace
Legend,lever,Legend
Lessen,lever,lessen
Level AI,lever,levelai
Lightedge,lever,lightedge
Lingaro,lever,lingarogroup
"Little Sprouts, LLC",lever,littlesprouts
LiveOak Fiber,lever,liveoakfiber
Loadsmart,lever,loadsmart
Loft Orbital Solutions,lever,loftorbital
Lovepop,lever,lovepop
Lumafield,lever,lumafield
Lumotive,lever,lumotive
M+R,lever,mrss
Malt,lever,malt
Marcus & Millichap,lever,marcusmillichap
Marketcircle,lever,marketcircle
Markham LLC,lever,markham
Marquette Associates,lever,marquetteassociates
Marshall Reddick Real Estate,lever,marshallreddick
Match Group,lever,matchgroup
Matillion,lever,matillion
MayaHTT,lever,maya
Mechanical Orchard,lever,mechanicalorchard
"Mega HR, Inc.",lever,mega
Megaport,lever,megaport
"Meirowitz & Wasserberg, LLP",lever,Meirowitz-Wasserberg
Metasite Business Solutions,lever,metasite
MetLife,lever,metlife
Midas,lever,getmidas
Milltown Partners,lever,milltownpartners
Mindful,lever,mindful
Mistplay,lever,mistplay
Mistral AI,lever,mistral
Mitek Systems,lever,miteksystems-2
Mujin,lever,mujininc
MyPass Global,lever,mypassglobal
Mythic,lever,mythic-ai.com
MyVest,lever,myvest
N-Power Medicine,lever,npowermedicine
Narmi,lever,narmi
NAVISITE - Part of Accenture,lever,navisite
Nestig,lever,Nestig
Netvirta,lever,netvirta
Nevados,lever,nevados
New Western,lever,newwestern
Next Health,lever,next-health
Nielsen,lever,nielsen
NimbleRx,lever,nimblerx
Ninja Van,lever,ninjavan
NOBODY,lever,nobody
NodeReal,lever,nodereal
Nominal,lever,nominal
Noodle,lever,noodle
NuvoAir,lever,NuvoAir
NuWaves RF Solutions,lever,nuwaves
Observable,lever,observablehq
Octane,lever,octaneai
Oddin,lever,oddin
Ollie,lever,myollie
Once Upon a Farm,lever,onceuponafarm
One Impression,lever,oneimpression
Oomnitza,lever,oomnitza
OpenX,lever,openx
Optimus SBR,lever,optimussbr
Orca Bio,lever,orcabiosystems
Outsight,lever,outsight
Overmind,lever,overmind
Owlet,lever,owletcare
Pacific Environment,lever,pacific-environment
Pacifico Energy,lever,pacificoenergy
Patch My PC,lever,patchmypc
Patrick J McGovern Foundation,lever,mcgovern
Patsnap,lever,patsnap
PayJoy,lever,payjoy
PDI Technologies,lever,pditechnologies
Peerspace,lever,peerspace
Pelmorex,lever,pelmorex
Penrod,lever,penrodsoftware
Phoenix Tailings,lever,PhoenixTailings
Picus,lever,picus
Pinkoi,lever,pinkoi
Pivot Energy,lever,pivotenergy
Place Showroom,lever,placeshowroom.com
Playco,lever,playco
Plivo,lever,plivo
Plusgrade,lever,plusgrade
PointClickCare,lever,pointclickcare
PolicyMe,lever,policyme
PopSockets,lever,popsockets
Portage Point Partners,lever,portagepointpartners
"Porter Cares, Inc.",lever,porter
Potloc,lever,Potloc
Precede,lever,precede
Presto,lever,prestolabs
Primate Labs Inc.,lever,primatelabs
Promise Robotics,lever,promiserobotics
Proper,lever,proper
"ProTrials Research, Inc.",lever,protrials
Pyka,lever,pyka
Q Bio,lever,qbio
Qloo,lever,qloo
Quincus,lever,quincus
Quixel,lever,quixel
Qwoted,lever,qwoted
Ranger,lever,ranger
RapidDeploy,lever,rapiddeploy
rbanw,lever,rbanw
Recast Software,lever,recast-software
redbee,lever,redbee
Redhorse Corporation,lever,redhorsecorp
"Redwood Strategy Group, Inc.",lever,redwoodstrategygroup
Regal,lever,regalvoice
RemoFirst,lever,remofirst
Render Networks,lever,rendernetworks
Renegade,lever,renegade
RenoFi,lever,renofi
Reply,lever,reply
Resilient Co,lever,resilientco
Restore Dispensaries,lever,restore-dispensaries
Retired.com,lever,retired
Retro,lever,retro
Revefi,lever,revefi
Reveneer,lever,reveneer
Revhealth,lever,revhealth
RISE,lever,rise
Rocket Communications,lever,rocketcommunications
Rocketship Public Schools,lever,rocketship
Rovio,lever,rovio-2
Ruby Play,lever,rubyplay
Rupa Health,lever,rupa
Safran.AI,lever,safran-ai
Sakon,lever,sakon
Sapling - Partner,lever,sapling
Scaleway,lever,scaleway
Scality,lever,scality
Scismic,lever,scismic
Seaport Global Holdings LLC,lever,seaportglobal
Sequel Med Tech,lever,sequel-med-tech
Serotonin,lever,serotonin
Serv-U-Success,lever,serv-u-success
Serverfarm,lever,serverfarm
ServiceRocket,lever,servicerocket
SFMOMA,lever,sfmoma
Shield AI,lever,shieldai
ShopBack,lever,shopback-2
Showcase IDX,lever,showcaseidx
Siete Foods,lever,sietefoods-2
Sign In Solutions,lever,signinsolutions
"Significance, Inc.",lever,significanceinc
Simulmedia,lever,simulmedia
SiteGround,lever,siteground
Sitetracker,lever,sitetracker
Skillcloud HCM,lever,skillcloudhcm
Skillerszone,lever,skillerszone
Skydance,lever,skydance
SkySafe,lever,skysafe
Snappr,lever,snappr
Sofar Sounds,lever,sofarsounds
Softdocs,lever,softdocs
Solar Landscape,lever,solarlandscape
Solutus Legal Search,lever,solutuslegal
Sonar,lever,sonarsource
Sonatype,lever,sonatype
Soni,lever,soniresources
SOUM,lever,soum
Space Systems Integration,lever,SpaceSystemsIntegration
Spry Methods,lever,sprymethods
Staffing Fitness,lever,staffingfitness
Stark Bank,lever,starkbank
Stoneridge Software,lever,stoneridgesoftware
Storio group,lever,storiogroup
Strada Education Foundation,lever,stradaeducation
StraighterLine,lever,straighterline
Super,lever,super
SuperAnnotate AI,lever,superannotate
Supermove,lever,supermove
Superside,lever,superside
SwiftConnect,lever,swiftconnect
Swile,lever,swile
SynaptiCure Inc.,lever,synapticure
Syntax,lever,syntax
Synthego,lever,synthego
Tala,lever,tala
Teamshares,lever,teamshares
Tekton,lever,tekton
Telesat,lever,telesat
Termius,lever,Termius
Thalo Labs,lever,thalolabs
The Block,lever,theblockcrypto
The Dispatch,lever,thedispatch
The Information Lab,lever,theinformationlab
The Kingfish Company,lever,kingfish-company
The Menta Education Group,lever,menta
The Trevor Project,lever,thetrevorproject
Thea Energy,lever,thea.energy
Third City Christian Church,lever,third-city-christian-church
Thrive Therapies Group,lever,thrive-therapies
Thriving Center Of Psychology,lever,thrivingcenterofpsych
Thunkable,lever,thunkable
Tiberius Aerospace Inc.,lever,tiberius
TKDA,lever,tkda
Tonic,lever,tonic
Topicals,lever,topicalsrx
Tracksuit Limited,lever,tracksuit-limited
Trail Appliances Ltd.,lever,trailappliances
Trans Lifeline,lever,translifeline
Treering,lever,treering
Trendyol,lever,trendyol
TreviPay,lever,trevipay
Triveni Bio,lever,trivenibio
True Zero Technologies,lever,truezerotech
TrueML,lever,trueml
Trunk.io,lever,trunkio
Truv,lever,truv
TSMG,lever,tsmg
Tutor Intelligence,lever,tutorintelligence
Ullico,lever,ullico
Ultra Health,lever,ultrahealthproviders
UnifyID (acquired by Prove),lever,unify
Unison Infrastructure,lever,unisoninfra
Univeris,lever,univeris.com
Until,lever,until
Unusual Ventures,lever,unusual
US Mobile,lever,USMobile
Velo3D,lever,velo3d
Velocity Global,lever,velocityglobal
Venus Aerospace,lever,venusaero
Veo,lever,veo
VergeSense,lever,vergesense
Vestiaire Collective,lever,vestiairecollective
Viget,lever,viget
Virtus,lever,Virtus
Vision Invest,lever,visioninvest
VivaCity,lever,vivacitylabs
Vivo Care,lever,vivo-care
Vogo,lever,vogo
"Volta Labs, Inc.",lever,voltalabs
Voltus,lever,voltus
VTG,lever,vtg
Wade Trim,lever,wadetrim
Wasatch Global Investors,lever,wasatchglobal
"WatchGuard Technologies, Inc.",lever,watchguard
Way,lever,Way
Wellfit Technologies,lever,wellfit
Wisdomai,lever,wisdomai
Woodard & Curran,lever,woodardcurran
WorkInProgress,lever,workinprogress
World View,lever,world-view-enterprises-inc.
Worldline NZ,lever,Worldline
Wyetech,lever,wyetechllc
XTB Trial,lever,xtb
Yonex USA,lever,yonexusa
Yuno,lever,yuno
zaimler,lever,zaimler
Zazzle,lever,zazzle
Zeiss,lever,zeiss
Zensurance,lever,zensurance
Zerion,lever,zerion
Zippi,lever,zippi
Zocks,lever,zocks
Zuri Group,lever,zurigroup
Zūm,lever,ridezum
1Huddle,smartrecruiters,1huddle
3H Partners,smartrecruiters,3hpartners
9ESTR Handyman Services,smartrecruiters,9estrhandymanservices
a,smartrecruiters,a21
AAPC,smartrecruiters,aapc
Abercrombie and Fitch Co.,smartrecruiters,abercrombieandfitchco
Abuse Refuge Org,smartrecruiters,abuserefugeorg
Accoy,smartrecruiters,accoy
Achieve,smartrecruiters,achieve1
ACI Group,smartrecruiters,acigroup
Acme Freight,smartrecruiters,acmefreight
ADL,smartrecruiters,adl
AFRY,smartrecruiters,afry
AFW,smartrecruiters,afw
Agora,smartrecruiters,agora
AIHR,smartrecruiters,aihr
Air New Zealand,smartrecruiters,airnewzealand
Airlab Inc.,smartrecruiters,airlabinc
AJ Bell,smartrecruiters,ajbell1
Ajna Infotech,smartrecruiters,ajnainfotech
Ajua,smartrecruiters,ajua
Akbank,smartrecruiters,akbank
Algomarketing,smartrecruiters,algomarketing
Alliance Solutions Group,smartrecruiters,alliancesolutionsgroup
ALS Group,smartrecruiters,alsgroup
Altronix Corp.,smartrecruiters,altronixcorp
AMDT School of Creativity,smartrecruiters,amdtschoolofcreativity
American Title Service Agency,smartrecruiters,americantitleserviceagency
Analysys Mason,smartrecruiters,analysysmason1
Anjarium Biosciences,smartrecruiters,anjariumbiosciences
Annik Inc.,smartrecruiters,annikinc
AOS Logistics LLC,smartrecruiters,aoslogisticsllc
APEX Career Services,smartrecruiters,apexcareerservices
Apogem Personnel Ltd,smartrecruiters,apogempersonnelltd
Applaudo Studios,smartrecruiters,applaudostudios
ARCADIS,smartrecruiters,arcadis
Archirodon Group N.V,smartrecruiters,archirodongroup
Aristina UAB,smartrecruiters,aristinauab
Ascent,smartrecruiters,ascent
Askable,smartrecruiters,askable
ASL Consulting,smartrecruiters,aslconsulting
ASOS,smartrecruiters,asos
Aster DM Healthcare,smartrecruiters,asterdmhealthcare
ATIA Ltd,smartrecruiters,atialtd
Atlantic Media,smartrecruiters,atlanticmedia
ATPCO,smartrecruiters,atpco1
Audacia Solutions,smartrecruiters,audaciasolutions
Augsburg University,smartrecruiters,augsburguniversity-minneapolismn
AVA Energy,smartrecruiters,avaenergy
Babble Cloud,smartrecruiters,babblecloud
Bank ABC,smartrecruiters,bankabc
barnes,smartrecruiters,barnes
BBA,smartrecruiters,bba
bet365,smartrecruiters,bet3651
Beyond Bank Australia,smartrecruiters,beyondbankaustralia
Beyondsoft,smartrecruiters,beyondsoft
Biogen,smartrecruiters,biogen
Bitovi,smartrecruiters,bitovi
BlueScope,smartrecruiters,bluescope
Bonial International GMBH,smartrecruiters,bonialinternationalgmbh
Boskalis,smartrecruiters,boskalis
Boundless,smartrecruiters,boundless
Brainlab,smartrecruiters,brainlab
Brakes Plus,smartrecruiters,brakesplus
Bright Metro,smartrecruiters,brightmetro
Bristlecone,smartrecruiters,bristlecone
Bucket List,smartrecruiters,bucketlist
BURN Manufacturing,smartrecruiters,burnmanufacturing
c,smartrecruiters,c1
C.E.G.,smartrecruiters,ceg
Calcium,smartrecruiters,calcium
Cancer Support Community,smartrecruiters,cancersupportcommunity
Canva,smartrecruiters,canva
Caravelo,smartrecruiters,caravelo
Castellucci Hospitality Group,smartrecruiters,castelluccihospitalitygroup
CDAC,smartrecruiters,cdac
Centm Logistics LLC,smartrecruiters,centmlogisticsllc
Channel Partners,smartrecruiters,channelpartners
CISabroad,smartrecruiters,cisabroad
CitiusTech,smartrecruiters,citiustech
Citrus Global Ltd,smartrecruiters,citrusgloballtd
City of Stirling,smartrecruiters,cityofstirling
Classy Llama,smartrecruiters,classyllama
Clinica Romero,smartrecruiters,clinicaromero
CloudMoyo,smartrecruiters,cloudmoyo
Coface,smartrecruiters,coface
Cogent Data Solutions LLC,smartrecruiters,cogentdatasolutionsllc
Cohere Technology,smartrecruiters,coheretechnology
Collabera,smartrecruiters,collabera2
Community Solutions,smartrecruiters,communitysolutions
Comoto,smartrecruiters,comoto
Contactually,smartrecruiters,contactually
Continental,smartrecruiters,continental
Convey,smartrecruiters,convey
ConXtech,smartrecruiters,conxtech
"Cook's Pest Control, Inc.",smartrecruiters,cookspestcontrolinc1
Cornerstone HR Advantage LLC,smartrecruiters,cornerstonehradvantagellc
cos,smartrecruiters,cos
Coya Restaurant,smartrecruiters,coyarestaurant
CP,smartrecruiters,cp
CQC,smartrecruiters,cqc
CRB,smartrecruiters,crb
Cricut,smartrecruiters,cricut
Crover Ltd,smartrecruiters,croverltd
CRS ltd,smartrecruiters,crs
Culina Group,smartrecruiters,culinagroup1
Cumberland Farms,smartrecruiters,cumberlandfarms
CyberVadis,smartrecruiters,cybervadis
Dailymotion,smartrecruiters,dailymotion
Dalstrong,smartrecruiters,dalstrong
Data Intellect,smartrecruiters,dataintellect
David Suzuki Foundation,smartrecruiters,davidsuzukifoundation
DCI Group,smartrecruiters,dcigroup
DecentralizedMasters,smartrecruiters,decentralizedmasters
DeepSpin,smartrecruiters,deepspin
DeLeon Realty,smartrecruiters,deleonrealty
Deloitte,smartrecruiters,deloitte6
DemystData,smartrecruiters,demystdata
Deutsche Telekom IT Solutions,smartrecruiters,deutschetelekomitsolutions
digital divide data,smartrecruiters,digitaldividedata
DLS Engineering,smartrecruiters,dlsengineering
DN Capital,smartrecruiters,dncapital
doherty Inc,smartrecruiters,dohertyinc
dolby,smartrecruiters,dolby
Domino's,smartrecruiters,dominos
DONTNOD,smartrecruiters,dontnod
Dr Reddy's Laboratories Limited,smartrecruiters,drreddyslaboratorieslimited
Driven Motor Jobs Limited,smartrecruiters,drivenmotorjobslimited
DROP Enterprises LLC,smartrecruiters,dropenterprisesllc
Dudek,smartrecruiters,dudek
Dulcedo,smartrecruiters,dulcedo
Duncan Professionals Limited t/a Redwood,smartrecruiters,duncanprofessionalslimitedtaredwood
Dune Technology Ltd,smartrecruiters,dunetechnologyltd
DVT,smartrecruiters,dvt
early code,smartrecruiters,earlycode
East Penn Manufacturing,smartrecruiters,eastpennmanufacturing
Edgewater Behavioral Health Services,smartrecruiters,edgewaterbehavioralhealthservices
EHCC,smartrecruiters,ehcc
Ekster,smartrecruiters,ekster
Elizabeth Glaser Pediatric AIDS Foundation,smartrecruiters,elizabethglaserpediatricaidsfoundation3
Ember Lab,smartrecruiters,emberlab
EMCO Corporation,smartrecruiters,emcocorporation
Employers,smartrecruiters,employers
Employmenthero,smartrecruiters,employmenthero
Endsight,smartrecruiters,endsight
Ent Credit Union,smartrecruiters,entcreditunion1
Enterprise Solution inc,smartrecruiters,enterprisesolutioninc
Epworth,smartrecruiters,epworth
Equinox,smartrecruiters,equinox
Equity Residential,smartrecruiters,equityresidential
Ericsson,smartrecruiters,ericsson
Essendant,smartrecruiters,essendant
esurance,smartrecruiters,esurance
Eventscape Inc.,smartrecruiters,eventscapeinc
Evooq,smartrecruiters,evooq
Exotel,smartrecruiters,exotel
Expend,smartrecruiters,expend
Fareshare,smartrecruiters,fareshare
Farm Boy Inc.,smartrecruiters,farmboyinc
FDMUK,smartrecruiters,fdmuk
Finmo,smartrecruiters,finmo
Firespring,smartrecruiters,firespring
First Round,smartrecruiters,firstround
Fluentbe,smartrecruiters,fluentbe
Flywire,smartrecruiters,flywire1
FMI,smartrecruiters,fmi
Ford,smartrecruiters,ford
ForthRight Strategies LLC,smartrecruiters,forthrightstrategiesllc
Fosad Consulting,smartrecruiters,fosadconsulting
"FSR, LLC.",smartrecruiters,fsrllc
Games For Love,smartrecruiters,gamesforlove
Gap,smartrecruiters,gap2
Gcore,smartrecruiters,gcore
GD Resources LLC,smartrecruiters,gdresourcesllc
Gen4 Dental,smartrecruiters,gen4dental
GeoSoftware,smartrecruiters,geosoftware
GetSports Enterprises LLC,smartrecruiters,getsportsenterprisesllc
ggwp,smartrecruiters,ggwp
Ginas Tech Jobs,smartrecruiters,ginastechjobs
Girls on the Run,smartrecruiters,girlsontherun
GNC,smartrecruiters,gnc
Grab,smartrecruiters,grab
Green Thumb Industries,smartrecruiters,greenthumbindustries
Greenpeace,smartrecruiters,greenpeace
GTGS Logistics LLC,smartrecruiters,gtgslogisticsllc
Guidehealth,smartrecruiters,guidehealth
Hadronts,smartrecruiters,hadronts
Hangar,smartrecruiters,hangar
Harnham,smartrecruiters,harnham
Hele Logistics LLC,smartrecruiters,helelogisticsllc
HelloKindred,smartrecruiters,hellokindred
Hexagroup,smartrecruiters,hexagroup
Hive Logistics Inc,smartrecruiters,hivelogisticsinc
HiWave,smartrecruiters,hiwave
Holy Ship LLC,smartrecruiters,holyshipllc
Horizon,smartrecruiters,horizon
House of Kaizen,smartrecruiters,houseofkaizen
HR Connect Limited,smartrecruiters,hrconnectlimited
HSMC,smartrecruiters,hsmc1
IB,smartrecruiters,ib
impact,smartrecruiters,impact
ImpactAssets,smartrecruiters,impactassets
Independent Software,smartrecruiters,independentsoftware
INDG,smartrecruiters,indg
Indigo Books & Music,smartrecruiters,indigobooksmusic
Infinitive,smartrecruiters,infinitive
Informa Group Plc.,smartrecruiters,informagroupplc
InGenius prep,smartrecruiters,ingeniusprep
INSEAD,smartrecruiters,insead
insightsoftware,smartrecruiters,insightsoftware
IntelligenceBank,smartrecruiters,intelligencebank
InterNations,smartrecruiters,internations
Intuitive,smartrecruiters,intuitive
iPipeline,smartrecruiters,ipipeline
iris worldwide,smartrecruiters,irisworldwide
J,smartrecruiters,j4
J.S. Held LLC,smartrecruiters,jsheldllc
Jay Peak Resort,smartrecruiters,jaypeakresort
jetfuel.agency,smartrecruiters,jetfuelagency
JM Parcel Service LLC,smartrecruiters,jmparcelservicellc
JM Recruiting,smartrecruiters,jmrecruiting
jobboard,smartrecruiters,jobboard
John Snow Labs,smartrecruiters,johnsnowlabs
Josefs Pharmacy,smartrecruiters,josefspharmacy
Junior,smartrecruiters,junior
JYSK,smartrecruiters,jysk
K2 Partnering,smartrecruiters,k2partnering
Kanadevia Inova,smartrecruiters,kanadeviainova
KANO/APPS,smartrecruiters,kanoapps
Kaskada,smartrecruiters,kaskada
Keenans Estate Agents Limited,smartrecruiters,keenansestateagentslimited
KELLEN,smartrecruiters,kellen
Kensington Tours,smartrecruiters,kensingtontours
Kepler Cheuvreux,smartrecruiters,keplercheuvreux
KINGfisher,smartrecruiters,kingfisher2
Klap6,smartrecruiters,klap6
KQED,smartrecruiters,kqed
Kredx,smartrecruiters,kredx
Kuba Pay,smartrecruiters,kubapay
kuda,smartrecruiters,kuda
L'OCCITANE,smartrecruiters,loccitane
"Lakeshore Learning Materials, LLC",smartrecruiters,lakeshore
Landmark Hospitality,smartrecruiters,landmarkhospitality
LANDPOINT,smartrecruiters,landpoint
Larvol,smartrecruiters,larvol
Lasan Group,smartrecruiters,lasangroup
Legacy Engineering,smartrecruiters,legacyengineering
Lendi Group,smartrecruiters,lendigroup1
Life Line Screening,smartrecruiters,lifelinescreening
LinuxBean Solution Pvt Ltd,smartrecruiters,linuxbeansolutionpvtltd
Living goods,smartrecruiters,livinggoods
Livo,smartrecruiters,livo
LLNL,smartrecruiters,llnl
Lodestar,smartrecruiters,lodestar
Lopez & Associates,smartrecruiters,lopezassociates
Louis Dreyfus Company,smartrecruiters,louisdreyfuscompany
Luxury Escapes,smartrecruiters,luxuryescapes
"Lynch Consultants, LLC",smartrecruiters,lynchconsultantsllc
LynxPath Logistics,smartrecruiters,lynxpathlogistics
Lyte,smartrecruiters,lyte
M,smartrecruiters,m13
M3USA,smartrecruiters,m3usa
Magellan Partners,smartrecruiters,magellanpartners
Malwarebytes,smartrecruiters,malwarebytes
Marex,smartrecruiters,marex
Mariner Partners Inc.,smartrecruiters,marinerpartnersinc
MarketBridge,smartrecruiters,marketbridge
MasterCard,smartrecruiters,mastercard
Maximus,smartrecruiters,maximus
McFadyen Digital,smartrecruiters,mcfadyendigital
MCG,smartrecruiters,mcg1
McGee Air Services,smartrecruiters,mcgeeairservices
mci,smartrecruiters,mci
"McWane, Inc.",smartrecruiters,mcwaneinc
Mdn,smartrecruiters,mdn
Mediabrands,smartrecruiters,mediabrands
MediaTrust,smartrecruiters,mediatrust
MEDMARK,smartrecruiters,medmark
Medtelligent,smartrecruiters,medtelligent
Mercury Logistics Group,smartrecruiters,mercurylogisticsgroup
Meta,smartrecruiters,meta1
MetaOption LLC,smartrecruiters,metaoption
"Mike Freeman Chevrolet, INC.",smartrecruiters,mikefreemanchevroletinc
Milton CAT,smartrecruiters,miltoncat
Milum Express LLC,smartrecruiters,milumexpressllc
Mindlance,smartrecruiters,mindlance2
MIT RESOURCE,smartrecruiters,mitresource
Morgan stanley,smartrecruiters,morganstanley
Morgan's Wonderland Camp,smartrecruiters,morganswonderlandcamp
MOS,smartrecruiters,mos
MSM,smartrecruiters,msm
mta,smartrecruiters,mta
MyTime,smartrecruiters,mytime
N,smartrecruiters,n1
Nagarro,smartrecruiters,nagarro1
Napier,smartrecruiters,napier
National Vision,smartrecruiters,nationalvision1
NATIVE HEALTH,smartrecruiters,nativehealth
Natuvion GmbH,smartrecruiters,natuviongmbh
nch,smartrecruiters,nch
NCS,smartrecruiters,ncs
NCS Australia,smartrecruiters,ncsaustralia
NetQuest,smartrecruiters,netquest
NetWorth Realty USA,smartrecruiters,networthrealtyusa
New England Donor Services,smartrecruiters,newenglanddonorservices
New Venture Fund,smartrecruiters,newventurefund
Newton Europe,smartrecruiters,newtoneurope
Nexthink,smartrecruiters,nexthink
NielsenIQ,smartrecruiters,nielseniq
NJIT,smartrecruiters,njit
nokia,smartrecruiters,nokia
Northstar Logistics LLC DBA Northstar Logistics NYC,smartrecruiters,northstarlogisticsllcdbanorthstarlogisticsnyc
nscglobal,smartrecruiters,nscglobal
NYIT,smartrecruiters,nyit
OCI,smartrecruiters,oci
Ocorian,smartrecruiters,ocorian
OECD,smartrecruiters,oecd
OFX,smartrecruiters,ofx1
On The Stage,smartrecruiters,onthestage
Onecore,smartrecruiters,onecore
"OnSite Care, Inc.",smartrecruiters,onsitecareinc
Ontario Transit Group,smartrecruiters,ontariotransitgroup
Open Road Media,smartrecruiters,openroadmedia
Oracle,smartrecruiters,oracle
ORAU,smartrecruiters,orau
Orsini Healthcare,smartrecruiters,orsinihealthcare
Owner,smartrecruiters,owner
Pacifica continental,smartrecruiters,pacificacontinental
Paladin Technologies,smartrecruiters,paladintechnologies
Palm Medical Centers,smartrecruiters,palmmedicalcenters
Peacocks,smartrecruiters,peacocks
Peak Performance,smartrecruiters,peakperformance
Pegadaian,smartrecruiters,pegadaian
Persistent Systems,smartrecruiters,persistentsystems
Pilmico Foods Corporation,smartrecruiters,pilmicofoodscorporation
"Pioneer Data Systems, Inc",smartrecruiters,pioneerdatasystemsinc
Pipeworks,smartrecruiters,pipeworks
piramal,smartrecruiters,piramal
Polestar,smartrecruiters,polestar
PortKey Delivery LLC,smartrecruiters,portkeydeliveryllc
power,smartrecruiters,power
Precision Technologies,smartrecruiters,precisiontechnologies1
ProAutomated,smartrecruiters,proautomated
Procom Consultants Group,smartrecruiters,procomconsultantsgroup
PT Angkasa Pura II (Persero),smartrecruiters,ptangkasapuraiipersero22
Ptg,smartrecruiters,ptg
Public Storage,smartrecruiters,publicstorage
"PurpleBox, Inc.",smartrecruiters,purpleboxinc
"QAD, Inc.",smartrecruiters,qadinc
Qflow,smartrecruiters,qflow
Qoria,smartrecruiters,qoria
Quicken Loans,smartrecruiters,quickenloans3
QuintoAndar,smartrecruiters,quintoandar
R&R Business Consultants,smartrecruiters,rrbusinessconsultants
RA,smartrecruiters,ra2
RAKUNA,smartrecruiters,rakuna1
Rated People,smartrecruiters,ratedpeople
Red Clay Consulting,smartrecruiters,redclayconsulting
Red Ventures,smartrecruiters,redventures
Relais & Châteaux,smartrecruiters,relaischateaux
remoteva,smartrecruiters,remoteva
Renesas Electronics,smartrecruiters,renesaselectronics
RepRisk AG,smartrecruiters,repriskag
res,smartrecruiters,res
Rest,smartrecruiters,rest1
Resultant,smartrecruiters,resultant
Rethink,smartrecruiters,rethink
Revaia,smartrecruiters,revaia
Revalize,smartrecruiters,revalize
REXEL,smartrecruiters,rexel1
"Rhyno Logistics, Inc",smartrecruiters,rhynologisticsinc
RhynoCare,smartrecruiters,rhynocare
Rocket Internet,smartrecruiters,rocketinternet
Rodeo FX,smartrecruiters,rodeofx
Rosso Restaurant & Bar,smartrecruiters,rossorestaurantbar
RTI,smartrecruiters,rti
RUMBLE,smartrecruiters,rumble
RYTHM,smartrecruiters,rythm
Sab,smartrecruiters,sab
SAI,smartrecruiters,sai
Sales Consulting,smartrecruiters,salesconsulting
sbec,smartrecruiters,sbec
Schneider Downs,smartrecruiters,schneiderdowns
Schwebel Baking Company,smartrecruiters,schwebelbakingcompany
Scopic Software,smartrecruiters,scopicsoftware
Scyne Advisory,smartrecruiters,scyneadvisory
SEA Ventures,smartrecruiters,seaventures
Seamen's Bank,smartrecruiters,seamensbank
Securitas,smartrecruiters,securitas
Sensia,smartrecruiters,sensia
Serio Plast,smartrecruiters,serioplast
Shpock,smartrecruiters,shpock
Shree Venkatesh Films Pvt Ltd,smartrecruiters,shreevenkateshfilmspvtltd
Signode,smartrecruiters,signode
Sirtex,smartrecruiters,sirtex
Skroutz,smartrecruiters,skroutz
Sky Solutions LLC.,smartrecruiters,skysolutionsllc
Slite,smartrecruiters,slite
Smart Technologies,smartrecruiters,smarttechnologies
SmartDev,smartrecruiters,smartdev1
SNR Logistics LLC,smartrecruiters,snrlogisticsllc
Society19 Media LLC,smartrecruiters,society19mediallc
Sodexo,smartrecruiters,sodexo
Softonic,smartrecruiters,softonic
Software Technology Inc,smartrecruiters,softwaretechnologyinc2
Solar Provider Group,smartrecruiters,solarprovidergroup
Solidigm,smartrecruiters,solidigm
Soltia AB,smartrecruiters,soltiaab
Sonder Australia,smartrecruiters,sonderaustralia
Sonoma Consulting Inc.,smartrecruiters,sonomaconsultinginc
Sportradar,smartrecruiters,sportradar
Springboard Collaborative,smartrecruiters,springboardcollaborative
Standard Chartered,smartrecruiters,standardchartered
Startup Voyager,smartrecruiters,startupvoyager
Statkraft,smartrecruiters,statkraft1
StayNTouch,smartrecruiters,stayntouch
STL,smartrecruiters,stl
Stratas Foods,smartrecruiters,stratasfoods
Stratostaff EA Limited,smartrecruiters,stratostaffealimited
"Studio 613, Inc.",smartrecruiters,studio613inc
Stäubli,smartrecruiters,staubligroup
Sumo Digital,smartrecruiters,sumodigital
SV Tech Systems Inc,smartrecruiters,svtechsystemsinc1
SW Group,smartrecruiters,swgroup
Swag,smartrecruiters,swag
SwiftSpeed Deliveries LLC,smartrecruiters,swiftspeeddeliveriesllc
TalentBurst Inc,smartrecruiters,talentburstinc
TDC,smartrecruiters,tdc
TeamViewer,smartrecruiters,teamviewer1
TEK systems,smartrecruiters,teksystems
teKnoluxion,smartrecruiters,teknoluxion
Tembo,smartrecruiters,tembo
TEREOS,smartrecruiters,tereos
Terrapay,smartrecruiters,terrapay
TexAu,smartrecruiters,texau
The KEY,smartrecruiters,thekey
The Refinery,smartrecruiters,therefinery
Theemesoft.inc,smartrecruiters,theemesoftinc
Timmons Group,smartrecruiters,timmonsgroup1
Tinybeans,smartrecruiters,tinybeans
Toms Shoes,smartrecruiters,toms
Topcon Europe Medical B.V.,smartrecruiters,topconeuropemedicalbv
TopstepTrader,smartrecruiters,topsteptrader
Toshiba Global Commerce Solutions,smartrecruiters,toshibaglobalcommercesolutions
Town of Stony Plain,smartrecruiters,townofstonyplain
Toyota financial services,smartrecruiters,toyotafinancialservices
TradeTracker,smartrecruiters,tradetracker
TradingView,smartrecruiters,tradingview
Transperfect,smartrecruiters,transperfect
Treehouse Strategy and Communications,smartrecruiters,treehousestrategyandcommunicatio
TRI,smartrecruiters,tri
Trimble,smartrecruiters,trimble
TriNet,smartrecruiters,trinet
Trucordia,smartrecruiters,trucordia1
Turner & Townsend,smartrecruiters,turnertownsend
Twenty Twenty Consulting Ltd,smartrecruiters,twentytwentyconsultingltd
Twitter,smartrecruiters,twitter2
uft,smartrecruiters,uft
UNFCU,smartrecruiters,unfcu
Unify Partners,smartrecruiters,unifypartners
Unitek Learning,smartrecruiters,uniteklearning
University of Auckland,smartrecruiters,theuniversityofauckland
V4C,smartrecruiters,v4c
Value,smartrecruiters,value1
Verdant,smartrecruiters,verdant1
Versant,smartrecruiters,versant3
VIPKID,smartrecruiters,vipkid
Visa,smartrecruiters,visa
Vista Equity Partners,smartrecruiters,vistaequitypartners
Vitas Healthcare,smartrecruiters,vitashealthcare
Vitestro,smartrecruiters,vitestro
Volocopter GmbH,smartrecruiters,volocoptergmbh
Wabtec,smartrecruiters,wabtec
Walgreens,smartrecruiters,walgreens7
Wavicledatasolutions,smartrecruiters,wavicledatasolutions
WDC Recruitment,smartrecruiters,wdcrecruitment
Wellspring,smartrecruiters,wellspring
Werfen,smartrecruiters,werfen
William Osler Health System,smartrecruiters,williamoslerhealthsystem1
Wired Messenger,smartrecruiters,wiredmessenger
Wiser,smartrecruiters,wiser
Wiser Solutions,smartrecruiters,wisersolutions
Wishpond,smartrecruiters,wishpond
WM,smartrecruiters,wm
WNS Global Services,smartrecruiters,wnsglobalservices
WordBank,smartrecruiters,wordbank
World bank group,smartrecruiters,worldbankgroup
World Bicycle Relief,smartrecruiters,worldbicyclerelief
WR,smartrecruiters,wr
Wrangu,smartrecruiters,wrangu
Wüest Partner,smartrecruiters,wuestpartner
Xtremepush,smartrecruiters,xtremepush
"YourCause, LLC",smartrecruiters,yourcausellc
YUM,smartrecruiters,yum
Zekelman Industries,smartrecruiters,zekelmanindustries
Zenlayer,smartrecruiters,zenlayer
Zeotap,smartrecruiters,zeotap
Zinkworks,smartrecruiters,zinkworks
Zoic Studios,smartrecruiters,zoicstudios
合同会社Kuruto,smartrecruiters,hetonghuishekuruto
100x,workable,100x
2Modern,workable,2modern
3 Oaks Gaming,workable,3-oaks-gaming
360dialog GmbH,workable,360dialog-gmbh
3terra,workable,3terra
Aaramshop,workable,aaramshop
Abylle Solutions Pvt Ltd,workable,abylle-solutions-pvt-ltd
AC Disaster Consulting,workable,acdisaster
Accel Club,workable,accel-club
Accora,workable,accora
Accurant International,workable,accurant
Acelab,workable,acelab
"Acorn Product Development, Inc.",workable,acorn-product-development
Across Continents Translations,workable,across-continents-translations
ACT1 Federal,workable,act1federal
Action1,workable,action1
Acuity Insights,workable,acuity-insights
Adzuna,workable,adzuna-2
Aesthetix CRM,workable,aesthetix-crm
AG Barr,workable,ag-barr
Agile Actors,workable,agileactors
Agility,workable,agility
AIDT,workable,aidtedu
Aira,workable,aira
Airbeem,workable,airbeem
AL Solutions,workable,al-solutions-1
Al Warren Oil Company Inc.,workable,al-warren-oil-company-inc
Albi,workable,albi
Albireo Energy,workable,albireo-energy
ALLEN Digital,workable,allen-digital
Amarillo College,workable,amarillo-college
AMCID SOLUTIONS,workable,amcid-solutions
Ametsa Packaging,workable,ametsa-packaging
Andromeda Robotics,workable,andromeda-robotics
Anytime Fitness,workable,anytime-fitness-32
aptihealth,workable,aptihealth
Arbonics,workable,arbonics
Arch Aerial LLC,workable,arch-aerial-llc
Archistar,workable,archistar
Architus,workable,architus
Argent,workable,argenthq
Ariva Hospitality,workable,ariva-hospitality
ARK Group,workable,arkgroup
ARO,workable,aro
AS HELLAS,workable,as-hellas
Ascension Publishing Group,workable,ascension-publishing-group
Ashbury,workable,ashbury
Ashnik Pte Ltd,workable,ashnik-pte-ltd
Asite,workable,asite
Assetnote,workable,assetnote
AssistIQ,workable,assistiq
Atarim,workable,atarim
ATEMPO,workable,atempo
Atlean World,workable,atleanworld
ATUM Ventures,workable,atum-ventures
Aureol Global Connections,workable,aureol-global-connections
Avado,workable,avado
Avant Tech,workable,avant-tech-jobs
Avocet,workable,avocet
Axiom Software Solutions Limited,workable,axiom-software-solution
Axle Energy,workable,axle-energy
Axomic Ltd,workable,axomic-ltd
Bahwan Cybertek Group,workable,bahwan-cybertek-group
Bakery Agency,workable,bakery-agency
Bank al Etihad,workable,bank-al-etihad
Bankable,workable,bankable
BBGC,workable,bbgc
BeCentral,workable,becentral-1
BEOND,workable,beond
BFAM Partners,workable,bfam-partners
BforeAI,workable,bforeai
BigDataCorp,workable,bigdatacorp
Bing,workable,bing
Biocytogen,workable,biocytogen
"BioFilm, Inc",workable,biofilm-inc
BIP Ventures,workable,bipventures
BKF,workable,bkfengineers
BlackStone eIT,workable,blackstone-eit-2
Blitzoo Games,workable,blitzoo-games
Blue Prism,workable,blue-prism
Bluelambda,workable,bluelambda
BME Strategies,workable,bme-strategies
BookNook,workable,booknook-inc
Botrista,workable,botrista
BountyJobs,workable,bountyjobscareers
Brannon Steel,workable,brannon-steel
Breakroom,workable,breakroom
BridgeStreet Global Hospitality,workable,bridgestreet-global-hospitality
Bright Harbor Healthcare,workable,brightharbor
Burnout Brands,workable,burnoutbrands
BusRight,workable,busright
Cache Ventures,workable,cache
Cactus,workable,cactus
Cajoo,workable,cajoo
Calabrio,workable,calabrio
Caliwater,workable,caliwater
Camino Partners,workable,camino-partners-1
Canadian Recruitment Group,workable,canadian-recruitment-group
Capital Partners,workable,capitalpartnersme
Caravan Appliances Pvt Ltd,workable,caravan-appliances-pvt-ltd
Carb Manager,workable,carbmanager
Carbon DMP,workable,carbon-dmp
CARMA,workable,carma-1
Cascade Engineering Services,workable,cascade-engineering-services-1
Cascadia Strategy Consulting Partners,workable,cascadia
"CCRES, Educational & Behavioral Health Services",workable,ccres
Cepal Hellas Financial Services S.A.,workable,cepal
"CG Tech Services, Inc",workable,cg-tech-services-inc
Chainlabs,workable,chainlabs
"Challenge Unlimited, Inc.",workable,challenge-unlimited-inc-1
Channeltivity,workable,channeltivity
Chatterboxes,workable,chatterboxes-1
Chemin,workable,chemin
Choice Property Resources,workable,choice
Chuffed.org,workable,chuffed
Cimolai Rimond Middle East,workable,cimolai-rimond-middle-east
Circulee,workable,circulee
City Cast,workable,city-cast
City Fund,workable,city-fund
CitySquare,workable,citysquare
Civiteq,workable,civiteq
Clear Labs,workable,clear-labs
ClimateWorks Foundation,workable,climateworks-foundation-1
Clinigen,workable,clinigen
Clipt,workable,clipt
CodeNinja,workable,codeninjapk
Codi,workable,codi
Cold Stone Creamery South Florida,workable,cold-stone-creamery-southflorida
Commonwealth Medical Services,workable,commonwealth-medical-services
Community Sports Partners,workable,community-sports-partners
Consigli Construction,workable,consigli-construction-1
Continuum Resource Network,workable,continuum-resource-network
Cookpad Ltd,workable,cookpad
Core10,workable,core10
Critical Control,workable,critical-control
Crop.photo,workable,crop-photo-at-evolphin
crowdspring,workable,crowdspring
Cube RM,workable,cuberm
CUR8,workable,cur8earth
Curvo,workable,curvo
CWSI,workable,cwsi
Cyperts Digital Solution Pvt Ltd,workable,cyperts-digital-solution-pvt-ltd
Darkhive,workable,darkhive
Datapane,workable,datapane
Daystar Power,workable,daystar-power-group
DC Advisory,workable,dcadvisory
DCOH,workable,dcoh
Dendra Systems Limited,workable,dendra-systems
Dextra,workable,dextra
Diagnostic Robotics,workable,diagnostic-robotics
Dialectica,workable,dialectica-global
DigiOutsource,workable,digioutsource-1
Digital Aid,workable,digital-aid
Dispel,workable,dispel
Distalmotion SA,workable,distalmotion
DomainTools,workable,domain-tools
Doman Building Materials Group Ltd,workable,doman-building-materials
Dossier,workable,dossier
Dreamdata,workable,dreamdata
Driven Properties,workable,driven-properties-1
Dyson Farming,workable,dyson-farming
E8 Engineering,workable,e8-engineering
EDAG UK,workable,edag-uk
ei3 Corporation,workable,ei3-corporation
ekar,workable,ekar
Electric Coin Company,workable,electric-coin-company
Elevation Pictures Corp.,workable,elevation-pictures-corp
Elite Interpreters Asia (HK) Pte Ltd,workable,elite-interpreters-asia-hk-pte-ltd
Elmwood Brand Consultancy,workable,elmwood
Eminent Valet,workable,eminent-valet
Empatica,workable,empatica
"Employee Owned Holdings, Inc.",workable,employee-owned-holdings-inc
Encoded Therapeutics,workable,encoded
Endomag,workable,endomag
"ENFOS, Inc.",workable,enfos-inc
EPOS,workable,epos
Equipment Experts Inc.,workable,equipment-experts-inc
Estendio,workable,estendio
Eupry,workable,eupry-aps
Eventology Marketing,workable,eventologymarketing
Everyday Dose Inc.,workable,everyday-dose-inc
Everything To Gain,workable,everythingtogain
Excelya,workable,excelya
Expereo,workable,expereo
Facet,workable,facetwealth
Fairstead,workable,fairstead
Falcomm,workable,falcomm
Feeld,workable,feeldco
Felicity's link INC.,workable,felicitys-link-inc-1
FERASET,workable,feraset
Field Day,workable,field-day
FINARTIX Fintech Solutions S.A.,workable,finartix
Finisterre,workable,finisterre
Firefly Tech Oy,workable,firefly-tech-oy
Fiscal.ai,workable,fiscal-ai
FlyAkeed,workable,akeed
Founders Intelligence,workable,founders-intelligence
Fred Astaire Dance Studios,workable,fred-astaire-dance-studios-3
Freebird,workable,freebird
Friends of the High Line,workable,thehighline
Future Advocacy,workable,future-advocacy
Futurex,workable,futurex-1
Generation UK & Ireland,workable,generation-uk
Genz-Ryan,workable,genz-ryan
Georgia Network to End Sexual Assault,workable,georgia-network-to-end-sexual-assault
Gerard Search,workable,gerardsearch
GFT,workable,gft
GHGSAT,workable,ghgsat
GigaBrands,workable,gigabrands
gogaga holidays pvt ltd,workable,gogaga-holidays-pvt-ltd
GolfSuites,workable,golfsuites
Goosechase,workable,goosechase
Gorillas,workable,gorillas
Gramian Consulting Group,workable,gramian
Grayce,workable,grayce
Great Northern Way Campus Ltd,workable,great-northern-way-campus
Gresham Technologies PLC,workable,gresham
GrowthX Labs,workable,growthx
GTECH Information Technology LLC,workable,gtech
Gunnebo Entrance Control,workable,gunnebo-entrance-control
Habitat Learn Inc,workable,habitat-learn-inc
Healthcare Management Administrators,workable,healthcare-management-administrators
HealthCorps,workable,healthcorpsorg
HERA London,workable,hera-london
Highland Spring Group,workable,highland-spring-group
Hind Management,workable,hindmanagement
HipVan Pte Ltd,workable,hipvan-pte-ltd
Hitch,workable,hitch-careers
Hive Healthcare,workable,hive-healthcare
Hmlet,workable,hmlet
HMTX Industries,workable,hmtx-industries
Houston Behavioral Healthcare Hospital,workable,houston-behavioral-healthcare-hospital
Houston Properties Team,workable,houston-properties-team
HyperVerge,workable,hyperverge
I-TEKTON PRIVATE COMPANY,workable,i-tekton-private-company
Idoven,workable,idoven
ihateironing,workable,ihateironing
Iliad Partners,workable,iliad-partners
illuminating asia sg pte ltd,workable,illuminating-asia-sg-pte-ltd
IMS,workable,ims
Inbox Business Technologies,workable,inbox-business-technologies
Infomineo,workable,infomineo
Innovature BPO,workable,innovature-bpo-2
Inside Sales Solutions,workable,inside-sales-solutions
Insignis,workable,insignis
Instagram,workable,instagram
Intelligo Group,workable,intelligo-group
Intracom Telecom,workable,intracom-telecom-2
IPEX Group of Companies,workable,ipex
Ironwear,workable,ironwear
Jerry,workable,jerry
Jiffy,workable,jiffyshirts
Jigsaw XYZ,workable,jigsaw-xyz
JITbase,workable,jitbase
Jon Ossoff for Senate,workable,jon-ossoff-for-senate
Jones Knowles Ritchie,workable,jones-knowles-ritchie
Juno Bio,workable,junobio
Kahoot!,workable,kahoot
Kaufman Rossin,workable,kaufmanrossin
KDA Consulting Inc,workable,kda-consulting
Kingsley Management Inc,workable,kingsleymanagement
Kitt,workable,kitt
knok,workable,knok
Kooku Recruiting GmbH,workable,kooku
Kriya,workable,kriya
Kyboe Watches,workable,kyboe
LaBella Associates,workable,labella-associates
LabGenius,workable,labgenius
Laborup,workable,laborup
Laundryheap,workable,laundryheap-2
Leads.io,workable,leads-io
LEAP Legal Software,workable,leap-legal-software
Learnlight,workable,learnlight
Legatics,workable,legatics
Liberum,workable,liberum
Linearity,workable,linearity
Lipman Pty Ltd,workable,lipman-pty-ltd
LocalStack,workable,localstack
London Green Cycles,workable,london-green-cycles-lgc
Lone Rock Point,workable,lonerockpoint
LOTTE Travel Retail Singapore,workable,lotte-travel-retail-singapore
LPOD,workable,lpod
LUXASIA,workable,luxasia
M/I Homes,workable,mi-homes
Makersite,workable,makersite
March Networks,workable,march-networks
Marshalls PLC,workable,marshalls
Maveris,workable,maveriscareers
Maxwell Energy System Pvt Ltd,workable,maxwellenergy
MBA CSi,workable,mba-csi
MCS North America Inc.,workable,mcs-north-america-inc
Measured,workable,measured
Medicare Singapore,workable,medicare-singapore
MESHKI,workable,meshki
METRUM,workable,metrum
"Micro-Leads, Inc.",workable,micro-leads
Middlebury College,workable,middleburycollege
Mightybytes,workable,mightybytes
Miller International Inc.,workable,miller-international
Mimica Automation,workable,mimica-automation
Mindstone,workable,mindstone
Miracle-Ear,workable,miracle-ear
MMDSmart Ltd,workable,mmdsmart-ltd
MMI - Maritime and Mercantile International,workable,mmi-maritime-and-mercantile-international
Mo-Sys Engineering Ltd,workable,mo-sys
Mod Op,workable,mod-op
mod.io,workable,modio
Modash,workable,modash
MOSCOT,workable,moscot
Moxie Labs,workable,moxie-labs
MSPS,workable,msps
Murray Franklyn,workable,murray-franklyn
Mursion Inc,workable,mursion-inc
NCG Associates,workable,ncg-associates
NeoWork,workable,neowork
Nestle Waters North America,workable,nestle-waters-north-america
Neural Magic,workable,neural-magic
NeuralFlex AI,workable,neuralflex-ai
NeuTalent,workable,neutalent
New York Life Iowa office,workable,new-york-life-iowa-office
Nexvel,workable,nexvelsolutions
Ninja Theory,workable,ninja-theory
Noramtec Consultants,workable,noramtec-consultants
Nova Wealth,workable,nova-wealth
NOW Courier,workable,now-courier-ic
Nuovo Photography,workable,nuovophotography
nutpods,workable,nutpods
Ometria,workable,ometria
Omnipresent,workable,omnipresent-group
Once,workable,getonce
Oneview Healthcare,workable,oneview-healthcare-plc
OnlyExperts,workable,onlyexperts
Onyx Capital Group Limited,workable,onyx-capital-group
Opensignal,workable,opensignal-limited
OpenSymmetry,workable,opensymmetry
OptiSigns Inc.,workable,optisigns-inc
Opus 2,workable,opus2
Order Desk,workable,orderdesk
Outsource Access,workable,outsource-access
Oversee,workable,oversee-1
PalmHR,workable,palmhr
PandaTree,workable,pandatree
Paragraf,workable,paragraf-1
Paramount Commerce,workable,paramount-commerce
Partner One Capital,workable,partner-one-capital
Pass the Keys,workable,passthekeys
Pecan Ai,workable,pecan
Pereview Software,workable,pereview-software
PicassoMD,workable,picassomd
Pinata,workable,pinata
Pink Joint,workable,pink-joint
Pinkston,workable,pinkston
Pion,workable,wearepion
Pix4D,workable,pix4d
Planet.fans,workable,planet
Podia,workable,podia
Porkepic Solutions,workable,porkepic
PortSwigger,workable,portswigger
PriorityChef,workable,prioritychef
Prolucid Technologies,workable,prolucid-technologies
Provider1st,workable,provider1st
Publishers Clearing House,workable,publishers-clearing-house
Quant Master Servicer S.A.,workable,qquant-master-servicer-sa
Quontic,workable,quonticbank
R2Net,workable,r2net
Race Communications,workable,racecommunications
Rainmaking,workable,rainmaking-innovation
Ravelin,workable,ravelin
"Reebok International, Ltd",workable,reebok
Refloor,workable,refloor
Rely Health,workable,rely-health
Remote Talent Cloud,workable,remote-talent-cloud
Remotebase,workable,remotebase
Renew Home,workable,renewhome
Reno Orthopedic Center,workable,reno-orthopedic-center
Resident Advisor,workable,resident-advisor
Resonate Solutions,workable,resonate-solutions
Resource Innovations,workable,resource-innovations
ResPro Health,workable,respro-health
Resultance,workable,resultance
Retail knights limited,workable,retail-knights-limited
Reveal Health Tech,workable,reveal-health-tech
Rgheeb,workable,rgheeb-1
Ride Health,workable,ridehealth
Rising Academies,workable,rising-academies
RIXO,workable,rixo
Roark Capital,workable,roark-capital
Rolescale.com,workable,role-scale
ROLLER Software,workable,roller-software
RYNO Strategic Solutions,workable,ryno-strategic-solutions
Saalex,workable,saalex
SAEKI,workable,saeki
Sago,workable,sago-group
Salt Technologies,workable,salttechno
Scalepex,workable,scalepex
Schneider Innovations,workable,schneiderinnovations
SchooLinks,workable,schoolinks
"Schoox, LLC",workable,schoox
SELIUK LTD,workable,seliuk-ltd
Semaphore,workable,semaphore
ServisHero,workable,servishero
Shiftmove,workable,shiftmove
Shop and Ship,workable,shop-and-ship
Simpay,workable,simpay
Skufler,workable,skufler
Small Axe,workable,smallaxe
Soar With Us,workable,soar-with-us
SolidarMed,workable,solidarmed-1
South Florida After School All Stars,workable,south-florida-after-school-all-stars
Spate,workable,spate
SPT Labtech,workable,spt-labtech
Squiz,workable,squiz
Stacker Media,workable,stacker
Stampede AI Ltd,workable,stampede-ai-ltd
Station A,workable,stationa
SteadyMD,workable,steadymd
Storyteq,workable,storyteq
Streamline Innovations,workable,streamline-innovationsinc
Street Child,workable,streetchildcareers
STUDIO,workable,studio
Sweatcoin,workable,sweatcoin
T-Tech,workable,ttech
Tabeo Ltd.,workable,tabeo-ltd
Take Eat Easy,workable,take-eat-easy
Talent Level Up,workable,talentlevelup
Tandem,workable,madeintandem
Tarjama,workable,tarjama
Tatu City,workable,tatucity
Techland,workable,techland-1
TechOp Solutions International,workable,techop-solutions-international
TechTellent,workable,techtellent
Teleperformance Spain,workable,teleperformance-spain
Telum Media,workable,telum-media
Tentworks Interactive,workable,tentworks-interactive
Terabase Energy,workable,terabase-energy
Testronic,workable,testronic
The Alinea Group,workable,the-alinea-group-1
The Asian American Foundation,workable,the-asian-american-foundation
The Brydon Group,workable,the-brydon-group
The Drum,workable,the-drum
The Fairness Project,workable,fairnessproject
The Flowery NY,workable,the-flowery-ny
The Pod Group,workable,the-pod-group
The Symicor Group,workable,the-symicor-group-1
The Tsui Group,workable,thetsuigroup
TheList,workable,thelist-app
Therefore,workable,therefore
Theta,workable,theta-systems-ltd
ThinkWell,workable,thinkwell
"Threatswitch, Inc.",workable,threatswitch-inc
TINQIN,workable,tinqin
Tito's Handmade Vodka,workable,titos-handmade-vodka
TOCA Social,workable,toca-social
Topco Sales,workable,topco-sales
Trade Nation,workable,trade-nation
"Transcend Spatial Solutions, LLC",workable,transcend-spatial-solutions-llc
Transfermate,workable,transfermate
Treantly,workable,treantly
Tree Fresno,workable,tree-fresno
"TRL11, Inc.",workable,trl11-inc
Tsao Foundation,workable,tsao-foundation
Tymit,workable,tymit
UBREAKIFIX,workable,ubreakifix-20
Unilabs,workable,unilabs
United Greeneries,workable,united-greeneries
Unusual Machines,workable,unusual-machines
UpMail Solutions,workable,upmail
Urban,workable,urbanco
Userbrain,workable,userbrain
Ushahidi,workable,ushahidi
Vayyar,workable,vayyar
Verisian,workable,verisian
Vero HR Ltd,workable,vero-hr-ltd
Ververica GmbH,workable,ververica
Victor Energy,workable,victor-energy
Virgin,workable,virgin
Visium SA,workable,visium
Vista Group,workable,vista-group
Vita Green,workable,vitagreen
Vitae Health Systems,workable,vitae-health-systems
"Vitality Group International, Inc.",workable,vitalitygroup
Waad Education,workable,waad-education
WalletConnect,workable,walletconnect
Watson Institute,workable,watson-institute
Wayman Group,workable,wayman-group
webhotelier | primalres,workable,webhotelier
Whiteshield,workable,whiteshield
Wisedocs AI,workable,wisedocs-ai
Woozle Research,workable,woozle-research
workers,workable,workers
WP Media,workable,wp-media
Wrisk,workable,wrisk
Xcellink Pte Ltd,workable,xcellink
Xplore Inc.,workable,xplore-inc
Yellow Leaf Hammocks,workable,yellowleaf
Yikodeen Footwear Limited,workable,yikodeen-footwear-limited
ZainCash,workable,zaincash-1
Zealthy,workable,zealthy
Zgraph,workable,zgraph
Zirtual,workable,zirtual-llc
