name,ats,slug
23andMe,workday,https://23andme.wd5.myworkdayjobs.com/23
3M,workday,https://3m.wd1.myworkdayjobs.com/Search
8x8,workday,https://8x8inc.wd5.myworkdayjobs.com/8x8_external_careers
A&K Travel Group,workday,https://abercrombiekent.wd12.myworkdayjobs.com/abercrombiekent_careers
Abbott,workday,https://abbott.wd5.myworkdayjobs.com/abbottcareers
ABC Financial Services,workday,https://abcfinancial.wd5.myworkdayjobs.com/abcfinancialservices
Abglobal,workday,https://abglobal.wd1.myworkdayjobs.com/alliancebernsteincareers
Abrdn,workday,https://abrdn.wd3.myworkdayjobs.com/abrdn
AcademyÂ® Sports + Outdoors,workday,https://academy.wd1.myworkdayjobs.com/careers
Accelentertainment,workday,https://accelentertainment.wd12.myworkdayjobs.com/accelentertainment_careers
Accelleron,workday,https://accelleron.wd3.myworkdayjobs.com/accelleron
Accenture,workday,https://accenture.wd103.myworkdayjobs.com/accenturecareers
Acciona,workday,https://acciona.wd3.myworkdayjobs.com/acciona_employment_channel
Accuray,workday,https://accuray.wd5.myworkdayjobs.com/external
Ace,workday,https://ace.wd5.myworkdayjobs.com/careers
Ace Hardware,workday,https://acehardware.wd1.myworkdayjobs.com/external
Acrisure,workday,https://acrisure.wd1.myworkdayjobs.com/acrisure
ACRT Services,workday,https://acrt.wd1.myworkdayjobs.com/acrt_careers
Acs,workday,https://acs.wd5.myworkdayjobs.com/acscareers
Acuityinternational,workday,https://acuityinternational.wd5.myworkdayjobs.com/external
Acushnetgolf,workday,https://acushnetgolf.wd12.myworkdayjobs.com/acu
Adient,workday,https://adient.wd3.myworkdayjobs.com/external
Adobe,workday,https://adobe.wd5.myworkdayjobs.com/external_experienced
"Advance Auto Parts, Inc",workday,https://advanceauto.wd5.myworkdayjobs.com/advanceexternalcareers
Adventisthealthcare,workday,https://adventisthealthcare.wd1.myworkdayjobs.com/adventisthealthcarecareers
Advisor,workday,https://advisorgroup.wd1.myworkdayjobs.com/advisor_career_site
Advocate Health,workday,https://aah.wd5.myworkdayjobs.com/external
Aeci,workday,https://aeci.wd1.myworkdayjobs.com/aeci
Aep,workday,https://aep.wd1.myworkdayjobs.com/aepcareersite
AGC Biologics,workday,https://agcbio.wd5.myworkdayjobs.com/agcbio_careers
AGI,workday,https://allianceground.wd1.myworkdayjobs.com/agi_careers
Agilent,workday,https://agilent.wd5.myworkdayjobs.com/agilent_careers
Agiliti,workday,https://agiliti.wd5.myworkdayjobs.com/careers
Agilon Health,workday,https://agilonhealth.wd1.myworkdayjobs.com/external
Agoc,workday,https://agoc.wd5.myworkdayjobs.com/external
Agrilife Extension,workday,https://tamus.wd1.myworkdayjobs.com/agrilife_extension_external
AIG,workday,https://aig.wd1.myworkdayjobs.com/aig
Aims Community College,workday,https://aims.wd1.myworkdayjobs.com/jobs
Air Products,workday,https://airproducts.wd5.myworkdayjobs.com/ap0001
Airbus,workday,https://ag.wd3.myworkdayjobs.com/Airbus
Airliquidehr,workday,https://airliquidehr.wd3.myworkdayjobs.com/airliquideexternalcareer
AIS,workday,https://appliedis.wd5.myworkdayjobs.com/ais_careers
Alamedacourts,workday,https://alamedacourts.wd5.myworkdayjobs.com/alamedacourts
Alantra,workday,https://alantra.wd3.myworkdayjobs.com/alantra
Albemarle,workday,https://albemarle.wd5.myworkdayjobs.com/external
Alcoa,workday,https://alcoa.wd5.myworkdayjobs.com/careers
Alcon,workday,https://alcon.wd5.myworkdayjobs.com/careers_alcon
Alegeus,workday,https://alegeus.wd1.myworkdayjobs.com/alegeus_external_careers
Alfalaval,workday,https://alfalaval.wd3.myworkdayjobs.com/alfa_laval_jobs
Alight,workday,https://alight.wd5.myworkdayjobs.com/careers
Aligned DC,workday,https://aligneddc.wd12.myworkdayjobs.com/aligneddc
Alignment Health,workday,https://alignmenthealthcare.wd12.myworkdayjobs.com/ahc_external
Allegion,workday,https://allegion.wd5.myworkdayjobs.com/careers
Allegro,workday,https://allegromicro.wd5.myworkdayjobs.com/allegrocareers
Alliantenergy,workday,https://alliantenergy.wd1.myworkdayjobs.com/alliant
Allstate,workday,https://allstate.wd5.myworkdayjobs.com/allstate_careers
Alpine,workday,https://alpinephysicians.wd1.myworkdayjobs.com/external
ALS,workday,https://alsglobal.wd103.myworkdayjobs.com/external
Alston,workday,https://alston.wd1.myworkdayjobs.com/externalcareer
Altamed,workday,https://altamed.wd1.myworkdayjobs.com/careers
Altasciences,workday,https://altasciences.wd1.myworkdayjobs.com/careers
Altera,workday,https://altera.wd1.myworkdayjobs.com/altera
Alto Pharmacy,workday,https://alto.wd1.myworkdayjobs.com/alto_external_career_site
Altusgroup,workday,https://altusgroup.wd3.myworkdayjobs.com/altusgroup
AMA,workday,https://amainc.wd12.myworkdayjobs.com/ama_careers
Aman,workday,https://aman.wd103.myworkdayjobs.com/amangroupexternal
Amcor,workday,https://amcor.wd5.myworkdayjobs.com/amcor_external_career_site
Ameren,workday,https://ameren.wd1.myworkdayjobs.com/external
Ameresco,workday,https://ameresco.wd5.myworkdayjobs.com/ameresco
American Fidelity,workday,https://americanfidelity.wd5.myworkdayjobs.com/external
American Oncology Network AON,workday,https://aoncology.wd12.myworkdayjobs.com/aoncology_careers
American University,workday,https://american.wd1.myworkdayjobs.com/au
Americanag Credit,workday,https://agloan.wd5.myworkdayjobs.com/americanagcredit
Americanglobal,workday,https://americanglobal.wd108.myworkdayjobs.com/american_global_careers
Ameriprise,workday,https://ameriprise.wd5.myworkdayjobs.com/ameriprise
Ames Construction,workday,https://amesconstruction.wd12.myworkdayjobs.com/ames
Amgen,workday,https://amgen.wd1.myworkdayjobs.com/careers
Amherst and Main Street Renewal,workday,https://amherstgroup.wd1.myworkdayjobs.com/amherst_holdings_careers
Amli,workday,https://amli.wd5.myworkdayjobs.com/amli_careers
Amn,workday,https://amn.wd1.myworkdayjobs.com/amn_careers
Amplity,workday,https://amplity.wd1.myworkdayjobs.com/amplityhealth
AMS Schools,workday,https://amsschools.wd5.myworkdayjobs.com/amsschools
Anaheimducks,workday,https://anaheimducks.wd5.myworkdayjobs.com/hc
Analog Devices,workday,https://analogdevices.wd1.myworkdayjobs.com/External
Anchorglass,workday,https://anchorglass.wd1.myworkdayjobs.com/careers
"Andersons, Inc",workday,https://andersonsinc.wd1.myworkdayjobs.com/theandersonscareers
Andrews Distributing Company,workday,https://andrewsdistributing.wd5.myworkdayjobs.com/andrewsdistributing
APM Terminals,workday,https://maersk.wd3.myworkdayjobs.com/apmt_careers
Apple Bank,workday,https://applebank.wd5.myworkdayjobs.com/applebankcareers
Applied,workday,https://flowserve.wd1.myworkdayjobs.com/applied
Applied Materials,workday,https://amat.wd1.myworkdayjobs.com/external
Aptiv,workday,https://aptiv.wd5.myworkdayjobs.com/aptiv_careers
Aptive,workday,https://aptive.wd1.myworkdayjobs.com/aptive
Arch Capital Group Ltd,workday,https://archgroup.wd1.myworkdayjobs.com/careers
Arctic Wolf,workday,https://arcticwolf.wd1.myworkdayjobs.com/external
Ardian,workday,https://ardian.wd103.myworkdayjobs.com/ardiancareers
Aresmgmt,workday,https://aresmgmt.wd1.myworkdayjobs.com/external
Argenx,workday,https://argenx.wd3.myworkdayjobs.com/external_careers
ARGONNE,workday,https://argonne.wd1.myworkdayjobs.com/argonne_careers
Aritzia,workday,https://aritzia.wd3.myworkdayjobs.com/external
Arkansas Blue Cross,workday,https://arkbluecross.wd1.myworkdayjobs.com/abcbs_external_careers
Arlo,workday,https://arlo.wd12.myworkdayjobs.com/external_careers
Ascensushr,workday,https://ascensushr.wd1.myworkdayjobs.com/ascensuscareers
AskBio Inc,workday,https://askbio.wd12.myworkdayjobs.com/askbio
ASM Global,workday,https://asmglobal.wd1.myworkdayjobs.com/careers
AspenTech,workday,https://aspentech.wd5.myworkdayjobs.com/aspentech
AssetMark,workday,https://assetmark.wd5.myworkdayjobs.com/assetmark_careers
Astound,workday,https://astound.wd108.myworkdayjobs.com/astound_careers
AstraZeneca,workday,https://astrazeneca.wd3.myworkdayjobs.com/Careers
Astreya,workday,https://astreya.wd5.myworkdayjobs.com/life-at-astreya-opportunities
AT&T,workday,https://att.wd1.myworkdayjobs.com/attgeneral
ATC,workday,https://atcllc.wd5.myworkdayjobs.com/atcllc
Athenago,workday,https://athenago.wd108.myworkdayjobs.com/athena
ATL,workday,https://atlanticmedia.wd1.myworkdayjobs.com/careers
Atlanta Braves,workday,https://atlantabravesmlb.wd5.myworkdayjobs.com/atlantabraves
Atrium Hospitality,workday,https://atriumhospitality.wd5.myworkdayjobs.com/atriumhospitality
Austal USA,workday,https://austalusa.wd1.myworkdayjobs.com/austal
Austintexas,workday,https://austintexas.wd5.myworkdayjobs.com/coa_careers
Auto Club Group (ACG),workday,https://acg.wd1.myworkdayjobs.com/careers
Autodesk,workday,https://autodesk.wd1.myworkdayjobs.com/Ext
Automation Anywhere,workday,https://automationanywhere.wd5.myworkdayjobs.com/automationanywherejobs
automotiveMastermind,workday,https://spgi.wd5.myworkdayjobs.com/aM_Careers
Autonation,workday,https://autonation.wd5.myworkdayjobs.com/careers
Autostore,workday,https://autostore.wd3.myworkdayjobs.com/autostore
Avantor,workday,https://vwr.wd1.myworkdayjobs.com/avantorJobs
Avera,workday,https://avera.wd5.myworkdayjobs.com/avera-careers
Avesis,workday,https://avesis.wd5.myworkdayjobs.com/avesis
Aveva,workday,https://aveva.wd3.myworkdayjobs.com/aveva_careers
Axis,workday,https://axis.wd3.myworkdayjobs.com/external_career_site
Axos,workday,https://axos.wd5.myworkdayjobs.com/axos
Bacardi,workday,https://bacardi.wd3.myworkdayjobs.com/jobs_bacardi
Badger Meter,workday,https://badgermeter.wd5.myworkdayjobs.com/us_careersite
Baker Hughes,workday,https://bakerhughes.wd5.myworkdayjobs.com/bakerhughes
Baker Tilly,workday,https://bakertilly.wd5.myworkdayjobs.com/btcareers
Ballard Spahr LLP,workday,https://ballardspahr.wd5.myworkdayjobs.com/ballard_spahr_llp
Bank of America,workday,https://ghr.wd1.myworkdayjobs.com/Lateral-US
Banner Health,workday,https://bannerhealth.wd108.myworkdayjobs.com/careers
Bavariannordic,workday,https://bavariannordic.wd103.myworkdayjobs.com/bavariannordic
Baystate Health Baystate Health (BH),workday,https://baystatehealth.wd12.myworkdayjobs.com/external_careers
Bbva,workday,https://bbva.wd3.myworkdayjobs.com/bbva
BCBSMA,workday,https://bcbsma.wd5.myworkdayjobs.com/bcbsma
BCBSMS,workday,https://bcbsms.wd5.myworkdayjobs.com/bcbsms
Bcbsnc,workday,https://bcbsnc.wd5.myworkdayjobs.com/bcbsnc
BCBSNE,workday,https://nebraskablue.wd1.myworkdayjobs.com/bcbsne
Beauty Health,workday,https://beautyhealth.wd12.myworkdayjobs.com/beautyhealthcareer
Biamp,workday,https://biamp.wd12.myworkdayjobs.com/biamp
Bigcommerce,workday,https://bigcommerce.wd12.myworkdayjobs.com/commerce
Billgosling,workday,https://billgosling.wd5.myworkdayjobs.com/global
Bio-Techne,workday,https://biotechne.wd5.myworkdayjobs.com/Biotechne
Biogen,workday,https://biibhr.wd3.myworkdayjobs.com/external
BlackBerry,workday,https://bb.wd3.myworkdayjobs.com/blackberry
BlackRock,workday,https://blackrock.wd1.myworkdayjobs.com/blackrock_professional
Blackstone,workday,https://blackstone.wd1.myworkdayjobs.com/blackstone_careers
Blackstone,workday,https://blackstone.wd1.myworkdayjobs.com/blackstone_campus_careers
Blattner Company,workday,https://blattner.wd5.myworkdayjobs.com/blattnercompany
Blue Origin,workday,https://blueorigin.wd5.myworkdayjobs.com/blueorigin
Blueowl,workday,https://blueowl.wd1.myworkdayjobs.com/blueowl
Bluescopenac,workday,https://bluescopenac.wd5.myworkdayjobs.com/bnacareers
BMO,workday,https://bmo.wd3.myworkdayjobs.com/external
Boar's Head Brand,workday,https://boarshead.wd1.myworkdayjobs.com/bhc
Boeing,workday,https://boeing.wd1.myworkdayjobs.com/external_careers
Booster,workday,https://booster.wd5.myworkdayjobs.com/booster_careers
BorgWarner,workday,https://borgwarner.wd5.myworkdayjobs.com/borgwarner_careers
Bostondynamics,workday,https://bostondynamics.wd1.myworkdayjobs.com/boston_dynamics
Boys Town,workday,https://boystown.wd1.myworkdayjobs.com/boystowncareers
Bracco,workday,https://bracco.wd103.myworkdayjobs.com/braccocareers
Brenntag,workday,https://brenntag.wd3.myworkdayjobs.com/brenntag_jobs
Brighthorizons,workday,https://brighthorizons.wd5.myworkdayjobs.com/external-northamerica
Brightli,workday,https://brightli.wd5.myworkdayjobs.com/brightlitalent
Brightree,workday,https://resmed.wd3.myworkdayjobs.com/brightree_external_careers
Bristolmyerssquibb,workday,https://bristolmyerssquibb.wd5.myworkdayjobs.com/bms
Broadcom,workday,https://broadcom.wd1.myworkdayjobs.com/External_Career
Broadridge Financial Solutions,workday,https://broadridge.wd5.myworkdayjobs.com/Careers
Brookfield Asset Management,workday,https://brookfield.wd5.myworkdayjobs.com/brookfield
Brookshires,workday,https://brookshires.wd108.myworkdayjobs.com/bgc
Brown Advisory,workday,https://brownadvisory.wd1.myworkdayjobs.com/brown
Brown Brothers Harriman (BBH),workday,https://bbh.wd5.myworkdayjobs.com/bbh
BrowserStack,workday,https://browserstack.wd3.myworkdayjobs.com/external
Brunswick,workday,https://brunswick.wd1.myworkdayjobs.com/search
Bti Solutions,workday,https://btisolutions.wd12.myworkdayjobs.com/external
Buc-ee's,workday,https://cfr.wd5.myworkdayjobs.com/buc-careers
Bucks County Community College,workday,https://bucks.wd1.myworkdayjobs.com/bccc
Build A Superior,workday,https://superiorconstruction.wd5.myworkdayjobs.com/supconstr
Bullish,workday,https://bullish.wd3.myworkdayjobs.com/bullish
Bunnings,workday,https://bunnings.wd3.myworkdayjobs.com/careers
BYU,workday,https://byu.wd1.myworkdayjobs.com/byu-careers
C.H. Guenther,workday,https://chg.wd5.myworkdayjobs.com/us_external_career_site
Cabinetworks Group,workday,https://cabinetworksgroup.wd1.myworkdayjobs.com/cabinetworksgroupcareers
Cable One,workday,https://cableone.wd1.myworkdayjobs.com/cable_one_external_careers
Cadence Design Systems,workday,https://cadence.wd1.myworkdayjobs.com/External_Careers
Cae,workday,https://cae.wd3.myworkdayjobs.com/career
Calix,workday,https://calix.wd1.myworkdayjobs.com/external
Calwatergroup,workday,https://calwatergroup.wd5.myworkdayjobs.com/cwsg
Camaco,workday,https://camacollc.wd108.myworkdayjobs.com/camaco
Cambria,workday,https://cambria.wd1.myworkdayjobs.com/cambria_careers
Cambridgeassociates,workday,https://cambridgeassociates.wd5.myworkdayjobs.com/cambridge_associates
Campaignmonitor,workday,https://campaignmonitor.wd5.myworkdayjobs.com/marigold
Campingworld,workday,https://campingworld.wd5.myworkdayjobs.com/jobs
Campus Hire,workday,https://jd.wd103.myworkdayjobs.com/campus_career_site
Canada Goose,workday,https://canadagoose.wd3.myworkdayjobs.com/canadagoosecareers
Cano Health,workday,https://canohealth.wd5.myworkdayjobs.com/careers
CANPACK Group,workday,https://giorgiglobal.wd3.myworkdayjobs.com/canpack
Capital Group,workday,https://capgroup.wd1.myworkdayjobs.com/capitalgroupcareers
Capital One,workday,https://capitalone.wd12.myworkdayjobs.com/Capital_One
Card,workday,https://card.wd5.myworkdayjobs.com/search
Cardinal Health,workday,https://cardinalhealth.wd1.myworkdayjobs.com/ext
Carilion Clinic,workday,https://carilionclinic.wd12.myworkdayjobs.com/external_careers
Carrier Global,workday,https://carrier.wd5.myworkdayjobs.com/jobs
Cars,workday,https://cars.wd12.myworkdayjobs.com/cars
Cart.com,workday,https://cart.wd1.myworkdayjobs.com/cart
Carter's,workday,https://carters.wd1.myworkdayjobs.com/carterscareers
Catalent,workday,https://catalent.wd1.myworkdayjobs.com/External
Cccis,workday,https://cccis.wd1.myworkdayjobs.com/broadbean_external
Ccrcca,workday,https://ccrcca.wd1.myworkdayjobs.com/careers
CDI,workday,https://breakthru.wd5.myworkdayjobs.com/cdi-careers
Cdpq,workday,https://cdpq.wd10.myworkdayjobs.com/cdpq
CDW,workday,https://cdw.wd5.myworkdayjobs.com/Careers
Cec,workday,https://cecentertainment.wd5.myworkdayjobs.com/cec_careers
Cenovus Energy,workday,https://cenovus.wd3.myworkdayjobs.com/careers
Centific,workday,https://centific.wd1.myworkdayjobs.com/centific_global
Cerberus,workday,https://cerberus.wd1.myworkdayjobs.com/cerberuscareers
Ceritypartners,workday,https://ceritypartners.wd12.myworkdayjobs.com/ceritypartnerscareers
Cgc,workday,https://cumminggroup.wd1.myworkdayjobs.com/cgc
Cgg,workday,https://cgg.wd103.myworkdayjobs.com/viridiencareers
Chamberlain Group (CG),workday,https://chamberlain.wd1.myworkdayjobs.com/chamberlain_group
ChampionX,workday,https://championx.wd1.myworkdayjobs.com/championx_external
Chanel,workday,https://cc.wd3.myworkdayjobs.com/chanelcareers
Chapters Health System,workday,https://chaptershealth.wd5.myworkdayjobs.com/jobs
Charlottenc,workday,https://charlottenc.wd12.myworkdayjobs.com/citgov
Charter Manufacturing,workday,https://chartermfg.wd5.myworkdayjobs.com/charter_careers
Chas Health,workday,https://chas.wd1.myworkdayjobs.com/chashealth
CHEP Brambles,workday,https://brambles.wd5.myworkdayjobs.com/brambles_careers
Chevron,workday,https://chevron.wd5.myworkdayjobs.com/jobs
CHG Healthcare,workday,https://chghealthcare.wd1.myworkdayjobs.com/External
CHICAGO CUBS The Chicago Cubs franchise,workday,https://my1060wd.wd5.myworkdayjobs.com/chicago_cubs_fo
Chord Energy,workday,https://chordenergy.wd1.myworkdayjobs.com/external
Christieâs,workday,https://christies.wd3.myworkdayjobs.com/christies_careers
CIBC,workday,https://cibc.wd3.myworkdayjobs.com/search
Cigna,workday,https://cigna.wd5.myworkdayjobs.com/cignacareers
CII,workday,https://childrensinstitute.wd5.myworkdayjobs.com/cii
Circle,workday,https://circle.wd1.myworkdayjobs.com/circle
Circles,workday,https://circles.wd103.myworkdayjobs.com/circles
Cisco,workday,https://cisco.wd5.myworkdayjobs.com/cisco_careers
City of Boulder,workday,https://bouldercolorado.wd1.myworkdayjobs.com/external
City of Gainesville,workday,https://cityofgainesville.wd5.myworkdayjobs.com/careers
Cityblock Health,workday,https://cityblockhealth.wd1.myworkdayjobs.com/cityblockexternalcareersite
Cityoforlando,workday,https://cityoforlando.wd5.myworkdayjobs.com/cityoforlandocareers
Claires,workday,https://claires.wd12.myworkdayjobs.com/claires
Clarioclinical,workday,https://clarioclinical.wd1.myworkdayjobs.com/clarioclinical_careers
Clarios,workday,https://clarios.wd5.myworkdayjobs.com/clarioscareers
Clarivate,workday,https://clarivate.wd3.myworkdayjobs.com/clarivate_careers
Claytonhomes,workday,https://claytonhomes.wd1.myworkdayjobs.com/claytoncareers
Cleco Corporate Holdings LLC,workday,https://cleco.wd5.myworkdayjobs.com/clecojobs
Clio,workday,https://clio.wd3.myworkdayjobs.com/cliocareersite
Cloudera,workday,https://cloudera.wd5.myworkdayjobs.com/external_career
Clr,workday,https://clr.wd5.myworkdayjobs.com/clr_careers
Clydeco,workday,https://clydeco.wd103.myworkdayjobs.com/clydecocareers
Cmegroup,workday,https://cmegroup.wd1.myworkdayjobs.com/cme_careers
CNA,workday,https://cna.wd1.myworkdayjobs.com/cna_careers
Cnx,workday,https://cnx.wd1.myworkdayjobs.com/external_global
Coca-Cola Company,workday,https://coke.wd1.myworkdayjobs.com/coca-cola-careers
Cochlear,workday,https://cochlear.wd3.myworkdayjobs.com/cochlear_careers
Cognex,workday,https://cognex.wd1.myworkdayjobs.com/external_career_site
CoinFlip,workday,https://coinflip.wd5.myworkdayjobs.com/coinflip_external
Colliers,workday,https://colliers.wd3.myworkdayjobs.com/colliers-external-career-site
Columbus Airports 1,workday,https://columbusairports.wd1.myworkdayjobs.com/columbus_airports1
Comcast,workday,https://comcast.wd5.myworkdayjobs.com/comcast_careers
Commerce Bank,workday,https://commercebank.wd1.myworkdayjobs.com/commercejobs
Company Background Planet,workday,https://planet.wd3.myworkdayjobs.com/planet
Compassus,workday,https://hospicecom.wd5.myworkdayjobs.com/compassus
Comscore,workday,https://comscore.wd5.myworkdayjobs.com/external
Conagra Brands,workday,https://conagrabrands.wd1.myworkdayjobs.com/careers_us
Concentrix,workday,https://cnx.wd1.myworkdayjobs.com/external_us
Concord Hospital (CH),workday,https://crhc.wd1.myworkdayjobs.com/concord_careers
Connor Group,workday,https://connorgp.wd12.myworkdayjobs.com/cg
Convatec,workday,https://convatec.wd1.myworkdayjobs.com/convatec
Copeland,workday,https://copeland.wd5.myworkdayjobs.com/copeland_external_careers_page
Corebridgefinancial,workday,https://corebridgefinancial.wd1.myworkdayjobs.com/corebridgefinancial
Corporate,workday,https://countryfinancial.wd5.myworkdayjobs.com/countrycorporateexternal
Costar,workday,https://costar.wd1.myworkdayjobs.com/costarcareers
Covetrus,workday,https://covetrus.wd5.myworkdayjobs.com/covetruscareers
Cox Health,workday,https://coxhealth.wd5.myworkdayjobs.com/coxhealth_external
Crane Company,workday,https://cranecompany.wd5.myworkdayjobs.com/Careers
Crate & Barrel | CB2,workday,https://crateandbarrel.wd1.myworkdayjobs.com/cbh
CRC,workday,https://tihinsurance.wd1.myworkdayjobs.com/crc_careers
Creation,workday,https://creationtech.wd1.myworkdayjobs.com/creation
Credit Acceptance,workday,https://creditacceptance.wd5.myworkdayjobs.com/credit_acceptance
CrowdStrike,workday,https://crowdstrike.wd5.myworkdayjobs.com/crowdstrikecareers
CSA Group,workday,https://csagroup.wd3.myworkdayjobs.com/csagroup
CSAA Insurance Group,workday,https://aaaie.wd1.myworkdayjobs.com/csaacareers
Csc,workday,https://columbiasportswearcompany.wd5.myworkdayjobs.com/csc_careers
Csgi,workday,https://csgi.wd5.myworkdayjobs.com/csgcareers
CSL,workday,https://csl.wd1.myworkdayjobs.com/CSL_External
Ctc,workday,https://cartech.wd5.myworkdayjobs.com/ctcexternal
Curemd,workday,https://curemd.wd1.myworkdayjobs.com/curemd
Curtisswright,workday,https://curtisswright.wd1.myworkdayjobs.com/cw_external_career_site
Customersbank,workday,https://customersbank.wd1.myworkdayjobs.com/customersbankcareers
CVG,workday,https://cvgrp.wd5.myworkdayjobs.com/cvg
cwi,workday,https://cwi.wd1.myworkdayjobs.com/cw_careers
Cytokinetics,workday,https://cytokinetics.wd1.myworkdayjobs.com/cytokinetics
Danaher,workday,https://danaher.wd1.myworkdayjobs.com/danaherjobs
Datasite global recruitment page. This,workday,https://datasite.wd1.myworkdayjobs.com/datasite
Dealertire,workday,https://dealertire.wd5.myworkdayjobs.com/dealertirellc-careers
Dechert,workday,https://dechert.wd12.myworkdayjobs.com/dechertcareers
Deckers,workday,https://deckers.wd5.myworkdayjobs.com/deckers
Dell Technologies,workday,https://dell.wd1.myworkdayjobs.com/External
Deluxe,workday,https://bydeluxe.wd5.myworkdayjobs.com/deluxe_external
Dennys,workday,https://dennys.wd1.myworkdayjobs.com/dennys
Dentsuaegis,workday,https://dentsuaegis.wd3.myworkdayjobs.com/dan_global
Denverhealth,workday,https://denverhealth.wd1.myworkdayjobs.com/dhha-main
Depop,workday,https://etsy.wd5.myworkdayjobs.com/depop_careers
Deutsche Bank,workday,https://db.wd3.myworkdayjobs.com/DBWebsite
Devoted,workday,https://devoted.wd1.myworkdayjobs.com/devoted
Dexcom,workday,https://dexcom.wd1.myworkdayjobs.com/dexcom
Diageo,workday,https://diageo.wd3.myworkdayjobs.com/diageo_careers
Dimensional,workday,https://dimensional.wd5.myworkdayjobs.com/dfa_careers
Diptyque,workday,https://diptyqueparis.wd103.myworkdayjobs.com/diptyquecareers
DIRECTV,workday,https://directv.wd1.myworkdayjobs.com/careers
DISA,workday,https://disa.wd5.myworkdayjobs.com/disa_external_career_site
Discovery Land Company,workday,https://discoverylandco.wd5.myworkdayjobs.com/dlc
DMA,workday,https://dmainc.wd5.myworkdayjobs.com/dma
Dollartree,workday,https://dollartree.wd5.myworkdayjobs.com/dollartreeus
Dow,workday,https://dow.wd1.myworkdayjobs.com/externalcareers
DPC,workday,https://dairynet.wd1.myworkdayjobs.com/dpccareers
DraftKings,workday,https://draftkings.wd1.myworkdayjobs.com/draftkings
DriveTime Family of Brands,workday,https://drivetime.wd1.myworkdayjobs.com/drivetime
DTN,workday,https://dtn.wd1.myworkdayjobs.com/dtn_careers
Dtna,workday,https://dtna.wd5.myworkdayjobs.com/dtna_external
Duck Creek,workday,https://duckcreek.wd1.myworkdayjobs.com/duckcreekcareers
Duke Energy,workday,https://dukeenergy.wd1.myworkdayjobs.com/Search
DXC Technology,workday,https://dxctechnology.wd1.myworkdayjobs.com/DXCJobs
Earlywarning,workday,https://earlywarning.wd5.myworkdayjobs.com/earlywarningcareers
Easterseals NH & VT,workday,https://easterseals.wd5.myworkdayjobs.com/esnh_vtcareers
Ebi,workday,https://ebi.wd5.myworkdayjobs.com/ebicareers
Ech,workday,https://ech.wd5.myworkdayjobs.com/ech
Echo Global Logistics,workday,https://echo.wd1.myworkdayjobs.com/echo_logistics
Ecu,workday,https://ecu.wd12.myworkdayjobs.com/everwise_careers
Eisai,workday,https://eisai.wd5.myworkdayjobs.com/eisai
Elanco,workday,https://elanco.wd5.myworkdayjobs.com/external_career
Elara,workday,https://elara.wd5.myworkdayjobs.com/external
Electrolux Group,workday,https://electrolux.wd3.myworkdayjobs.com/electroluxcareersite
Elekta,workday,https://elekta.wd3.myworkdayjobs.com/elekta_careers
Elementfleet,workday,https://elementfleet.wd3.myworkdayjobs.com/external_career_site
Elliottgroup,workday,https://elliottgroup.wd5.myworkdayjobs.com/elliottcareers
Embryriddle,workday,https://embryriddle.wd1.myworkdayjobs.com/external
EMC,workday,https://emcins.wd5.myworkdayjobs.com/emc_careers
Employment at NEB,workday,https://neb.wd5.myworkdayjobs.com/neb_careers
Enbridge,workday,https://enbridge.wd3.myworkdayjobs.com/enbridge_careers
Endeavor Health,workday,https://nshs.wd1.myworkdayjobs.com/ns-eeh
Endo,workday,https://endo.wd1.myworkdayjobs.com/external
Eng,workday,https://eng.wd3.myworkdayjobs.com/externalcareers
Ensemblehp,workday,https://ensemblehp.wd5.myworkdayjobs.com/ensemblehealthpartnerscareers
Ensign-Bickford Aerospace & Defense,workday,https://ebi.wd5.myworkdayjobs.com/ebadcareers
Entegris,workday,https://entegris.wd1.myworkdayjobs.com/entegriscareers
Entrust,workday,https://entrust.wd1.myworkdayjobs.com/entrustcareers
Enzazaden,workday,https://enzazaden.wd103.myworkdayjobs.com/enza-careers
Equinor,workday,https://equinor.wd3.myworkdayjobs.com/eqnr
Ercot,workday,https://ercot.wd1.myworkdayjobs.com/ercot_careers
Erm,workday,https://erm.wd3.myworkdayjobs.com/erm_experiencedprofessionals
ESAB,workday,https://esab.wd5.myworkdayjobs.com/esabcareers
Essentia Health,workday,https://essentiahealth.wd1.myworkdayjobs.com/essentia_health
"Essential Utilities, Inc",workday,https://aquaamerica.wd5.myworkdayjobs.com/essential_careers
Essex,workday,https://essex.wd5.myworkdayjobs.com/essexcareers
Etch,workday,https://etch.wd5.myworkdayjobs.com/etch
EverCommerce,workday,https://evercommerce.wd1.myworkdayjobs.com/evercommerce_careers
Everise,workday,https://weareeverise.wd1.myworkdayjobs.com/everisecareers
Evonik,workday,https://evonik.wd3.myworkdayjobs.com/external_careers
Evotec,workday,https://evotecgroup.wd3.myworkdayjobs.com/evotec_career_site
EVS,workday,https://evs.wd108.myworkdayjobs.com/evsengineeringcareers
Exact Sciences,workday,https://exactsciences.wd1.myworkdayjobs.com/exact_sciences
EXFO,workday,https://exfo.wd10.myworkdayjobs.com/exfo_careers
Expedia,workday,https://expedia.wd108.myworkdayjobs.com/search
Extra Space Storage,workday,https://extraspace.wd5.myworkdayjobs.com/ess_external
Ezcorp,workday,https://ezcorp.wd12.myworkdayjobs.com/ezcorp
fei,workday,https://fei.wd5.myworkdayjobs.com/external
Fenwick,workday,https://fenwick.wd1.myworkdayjobs.com/fenwick_external_careers
Ferring,workday,https://ferring.wd3.myworkdayjobs.com/ferring
Ferrovial,workday,https://ferrovial.wd3.myworkdayjobs.com/ferrovial_career_site
Ffive,workday,https://ffive.wd5.myworkdayjobs.com/f5jobs
Fidelity Investments,workday,https://fmr.wd1.myworkdayjobs.com/fidelitycareers
Fieracapital,workday,https://fieracapital.wd3.myworkdayjobs.com/career
Fifththird,workday,https://fifththird.wd5.myworkdayjobs.com/53careers
Finastra,workday,https://finastra.wd3.myworkdayjobs.com/finc
Find a job at GEA,workday,https://gea.wd3.myworkdayjobs.com/geacareers
Firstnational,workday,https://firstnational.wd12.myworkdayjobs.com/fnbocareers
Firstquality,workday,https://firstquality.wd5.myworkdayjobs.com/firstquality
FIS,workday,https://fis.wd5.myworkdayjobs.com/SearchJobs
FITCO,workday,https://symrise.wd103.myworkdayjobs.com/external_fitco
Floridatech,workday,https://floridatech.wd5.myworkdayjobs.com/floridatechcareers
FLS,workday,https://flsmidth.wd3.myworkdayjobs.com/fls_global
Flvs,workday,https://flvs.wd1.myworkdayjobs.com/flvs_jobs
FMC Corporation,workday,https://fmc.wd12.myworkdayjobs.com/fmc
Forcepoint,workday,https://forcepoint.wd1.myworkdayjobs.com/external-careers
Ford Foundation,workday,https://fordfoundation.wd1.myworkdayjobs.com/fordfoundationcareerpage
FormFactor,workday,https://formfactor.wd1.myworkdayjobs.com/ffi-careers
Fort Bend,workday,https://fortbendcountytx.wd5.myworkdayjobs.com/externalcareers
Fortrea,workday,https://fortrea.wd1.myworkdayjobs.com/fortrea
Forum,workday,https://weforum.wd3.myworkdayjobs.com/forum_careers
Foundation for California Community Colleges,workday,https://foundationccc.wd1.myworkdayjobs.com/fccc-careers
Four Seasons,workday,https://fourseasons.wd3.myworkdayjobs.com/search
Fox,workday,https://fox.wd1.myworkdayjobs.com/domestic
Fox Corporation,workday,https://fox.wd1.myworkdayjobs.com/FOXTVST_EAST
Fractal Analytics,workday,https://fractal.wd1.myworkdayjobs.com/careers
Franklintempleton,workday,https://franklintempleton.wd5.myworkdayjobs.com/primary-external-1
Freseniusmedicalcare,workday,https://freseniusmedicalcare.wd3.myworkdayjobs.com/fme
Freshfields,workday,https://freshfields.wd3.myworkdayjobs.com/fbd_101
Freudenberg,workday,https://freudenberg.wd3.myworkdayjobs.com/freudenberg-group
Frgi,workday,https://frgi.wd1.myworkdayjobs.com/pollotropical
Frostbank,workday,https://frostbank.wd5.myworkdayjobs.com/external
FTI,workday,https://faithtechnologies.wd1.myworkdayjobs.com/fti
Fugro,workday,https://fugro.wd3.myworkdayjobs.com/careers
Fullsteam,workday,https://fullsteam.wd1.myworkdayjobs.com/external
Gables,workday,https://gables.wd5.myworkdayjobs.com/gables_careers
Gadventures,workday,https://gadventures.wd3.myworkdayjobs.com/gadventures
Gafsgi,workday,https://gafsgi.wd5.myworkdayjobs.com/gaf_careers
GAIG,workday,https://gaig.wd1.myworkdayjobs.com/gaig_external
Galderma,workday,https://galderma.wd3.myworkdayjobs.com/external
Gamestop,workday,https://gamestop.wd5.myworkdayjobs.com/careers
Gap Inc.,workday,https://gapinc.wd1.myworkdayjobs.com/gapinc
Gartner,workday,https://gartner.wd5.myworkdayjobs.com/ext
Gategroup,workday,https://gategroup.wd3.myworkdayjobs.com/gategroup_external_careers
Gatesfoundation,workday,https://gatesfoundation.wd1.myworkdayjobs.com/gates
Gdit,workday,https://gdit.wd5.myworkdayjobs.com/external_career_site
Gdt,workday,https://gdt.wd1.myworkdayjobs.com/gdt_careers
GE Aerospace,workday,https://geaerospace.wd5.myworkdayjobs.com/GE_ExternalSite
GEHA,workday,https://geha.wd5.myworkdayjobs.com/gehacareers
Gehc,workday,https://gehc.wd5.myworkdayjobs.com/gehc_externalsite
GEICO,workday,https://geico.wd1.myworkdayjobs.com/external
Gen,workday,https://gen.wd1.myworkdayjobs.com/careers
General Motors,workday,https://generalmotors.wd5.myworkdayjobs.com/careers_gm
Genesys,workday,https://genesys.wd1.myworkdayjobs.com/genesys
Genevausa,workday,https://genevausa.wd5.myworkdayjobs.com/careersatgeneva
Genpt,workday,https://genpt.wd1.myworkdayjobs.com/careers
George's Inc,workday,https://georgesinc.wd5.myworkdayjobs.com/joingeorges
Georgiasown,workday,https://georgiasown.wd1.myworkdayjobs.com/georgiasowncareers
"Gilead Sciences, Inc",workday,https://gilead.wd1.myworkdayjobs.com/gileadcareers
Global Infrastructure,workday,https://gi.wd1.myworkdayjobs.com/global_infrastructure
Global Partners,workday,https://global.wd1.myworkdayjobs.com/globalpartnerscareers
Globalfoundries,workday,https://globalfoundries.wd1.myworkdayjobs.com/external
Globe Life,workday,https://globelife.wd5.myworkdayjobs.com/globe-life-careers
Globus Medical,workday,https://globusmedical.wd5.myworkdayjobs.com/gmed_careers
Gobeacon,workday,https://gobeacon.wd1.myworkdayjobs.com/beaconmobilitycareers
GoHealth Urgent Care,workday,https://gohealthuc.wd12.myworkdayjobs.com/external
Goodrx,workday,https://goodrx.wd1.myworkdayjobs.com/careers
Goodwinprocter,workday,https://goodwinprocter.wd5.myworkdayjobs.com/external_careers
Google Operations Center,workday,https://google.wd501.myworkdayjobs.com/GOCJobs
GoTo,workday,https://goto.wd5.myworkdayjobs.com/gotocareers
Granite,workday,https://granite.wd1.myworkdayjobs.com/careers
Graybar,workday,https://graybar.wd1.myworkdayjobs.com/careers
Greatriverhealth,workday,https://greatriverhealth.wd5.myworkdayjobs.com/external
Greendotca,workday,https://greendotca.wd5.myworkdayjobs.com/ca
Greendotcorp,workday,https://greendotcorp.wd1.myworkdayjobs.com/gdc
Greenheckgroup,workday,https://greenheckgroup.wd5.myworkdayjobs.com/external
Greif,workday,https://greif.wd5.myworkdayjobs.com/greif
Greystar,workday,https://greystar.wd1.myworkdayjobs.com/external
Groundworks,workday,https://groundworks.wd1.myworkdayjobs.com/groundworks
Grupoafalrh,workday,https://grupoafalrh.wd12.myworkdayjobs.com/externo
GSK,workday,https://gsk.wd5.myworkdayjobs.com/GSKCareers
Gsma,workday,https://gsma.wd3.myworkdayjobs.com/external_careers
Gtefinancial,workday,https://gtefinancial.wd1.myworkdayjobs.com/gte_financial_career
GTT,workday,https://gtt.wd3.myworkdayjobs.com/external
Gtweed,workday,https://gtweed.wd1.myworkdayjobs.com/careers
Guardianlife,workday,https://guardianlife.wd5.myworkdayjobs.com/guardian-life-careers
Guggenheim Securities,workday,https://guggenheim.wd1.myworkdayjobs.com/guggenheim_careers_campus
Guggenheiminvestment,workday,https://guggenheiminvestment.wd5.myworkdayjobs.com/external
Guidehouse,workday,https://guidehouse.wd1.myworkdayjobs.com/external
GuideStone,workday,https://guidestone.wd1.myworkdayjobs.com/guidestone
Guidewire,workday,https://guidewire.wd5.myworkdayjobs.com/external
Gulfport,workday,https://gulfportenergy.wd5.myworkdayjobs.com/gpor_career_site
Gunvor,workday,https://gunvor.wd3.myworkdayjobs.com/gunvor_careers
GVSU,workday,https://gvsu.wd1.myworkdayjobs.com/careers
Haemonetics,workday,https://haemonetics.wd5.myworkdayjobs.com/hae
Haihospitality,workday,https://haihospitality.wd12.myworkdayjobs.com/haihospitality-careers
Halifax Health,workday,https://halifaxhealth.wd12.myworkdayjobs.com/halifaxhealth
Hamiltoncountyindiana,workday,https://hamiltoncountyindiana.wd1.myworkdayjobs.com/careers
Hancockwhitney,workday,https://hancockwhitney.wd5.myworkdayjobs.com/careers
HarbourVest,workday,https://harbourvest.wd5.myworkdayjobs.com/hvp
Harris,workday,https://harriscomputer.wd3.myworkdayjobs.com/1
Hbpublishing,workday,https://hbpublishing.wd1.myworkdayjobs.com/careers
Hcmportal,workday,https://hcmportal.wd5.myworkdayjobs.com/search
HCP,workday,https://careoregon.wd12.myworkdayjobs.com/hcp
Hcsc,workday,https://hcsc.wd1.myworkdayjobs.com/hcsc_external
HD Supply,workday,https://hdsupply.wd1.myworkdayjobs.com/external
"Headquartered in Arlington, Virginia, TSC",workday,https://tsc.wd12.myworkdayjobs.com/tsc-careers
Healthfirst,workday,https://healthfirst.wd1.myworkdayjobs.com/healthfirst
Heidelbergmaterials,workday,https://heidelbergmaterials.wd3.myworkdayjobs.com/global_hm_career_site
Heidrick & Struggles,workday,https://heidrick.wd1.myworkdayjobs.com/heidrickandstruggles
Hellmann,workday,https://hellmann.wd103.myworkdayjobs.com/hellmannexternaljobs
Hempel,workday,https://hempel.wd3.myworkdayjobs.com/hempelcareers
Hendrick,workday,https://hendrick.wd5.myworkdayjobs.com/hendrickcareers
Hendricks,workday,https://hendricks.wd1.myworkdayjobs.com/hendricks_external_career_site
Henryschein,workday,https://henryschein.wd1.myworkdayjobs.com/external_careers
Herbert Smith Freehills Kramer,workday,https://herbertsmithfreehills.wd3.myworkdayjobs.com/external
Hewlett Packard Enterprise,workday,https://hpe.wd5.myworkdayjobs.com/Jobsathpe
Highmark Health,workday,https://highmarkhealth.wd1.myworkdayjobs.com/highmark
Hiscox,workday,https://hiscox.wd3.myworkdayjobs.com/hiscox_external_site
Hitachi,workday,https://hitachi.wd1.myworkdayjobs.com/hitachi
HMH,workday,https://hmhw.wd12.myworkdayjobs.com/hmh_careers
Hogan Lovells,workday,https://hoganlovells.wd3.myworkdayjobs.com/search
Hoganas,workday,https://hoganas.wd3.myworkdayjobs.com/careers
Holman,workday,https://holmanautogroup.wd1.myworkdayjobs.com/holmanenterprisescareers
Horizonmedia,workday,https://horizonmedia.wd1.myworkdayjobs.com/careeropportunities
Howard Hughes Medical Institute (HHMI),workday,https://hhmi.wd1.myworkdayjobs.com/external
Hp,workday,https://hp.wd5.myworkdayjobs.com/externalcareersite
Hpinc,workday,https://hpinc.wd5.myworkdayjobs.com/hpinc
HQ,workday,https://lesschwab.wd1.myworkdayjobs.com/hq
HRI,workday,https://healthresearch.wd1.myworkdayjobs.com/hri_careers
Hrsystem,workday,https://hrsystem.wd1.myworkdayjobs.com/careers
HSHS,workday,https://hshs.wd1.myworkdayjobs.com/hshscareers
Htisec,workday,https://htisec.wd3.myworkdayjobs.com/hti_careers
Hubinternational,workday,https://hubinternational.wd1.myworkdayjobs.com/hubinternational
Humana,workday,https://humana.wd5.myworkdayjobs.com/humana_external_career_site
Huntington,workday,https://huntington.wd12.myworkdayjobs.com/hnbcareers
Husqvarnagroup,workday,https://husqvarnagroup.wd3.myworkdayjobs.com/external_career_site
Iberdrola Group,workday,https://iberdrola.wd3.myworkdayjobs.com/iberdrola
ICG,workday,https://icg.wd3.myworkdayjobs.com/external_careers
ICON,workday,https://icon.wd3.myworkdayjobs.com/broadbean_external
IKO,workday,https://iko.wd3.myworkdayjobs.com/iko_careers
Imerys,workday,https://imerys.wd3.myworkdayjobs.com/imerys-careers
ImmunityBio,workday,https://nant.wd5.myworkdayjobs.com/immunitybio
Independencepet Group,workday,https://independencepetgroup.wd12.myworkdayjobs.com/careers
Indivior,workday,https://indivior.wd3.myworkdayjobs.com/indivior
ING,workday,https://ing.wd3.myworkdayjobs.com/icsgblcor
Ingenovis Health,workday,https://ingenovishealth.wd1.myworkdayjobs.com/ingenovishealth
Insperity,workday,https://insperity.wd12.myworkdayjobs.com/nsp
Intapp,workday,https://intapp.wd1.myworkdayjobs.com/Intapp
Intel,workday,https://intel.wd1.myworkdayjobs.com/External
Intelogix,workday,https://intelogix.wd108.myworkdayjobs.com/external
Intermountain Health,workday,https://imh.wd108.myworkdayjobs.com/IntermountainCareers
IOA,workday,https://ioaging.wd12.myworkdayjobs.com/ioa
Ipsen,workday,https://ipsen.wd103.myworkdayjobs.com/ipsen_careers
IRC,workday,https://theirc.wd1.myworkdayjobs.com/external_careers
Jbtm,workday,https://jbtm.wd108.myworkdayjobs.com/jbt_marel_career_site
JLL,workday,https://jll.wd1.myworkdayjobs.com/jllcareers
JM,workday,https://jm.wd103.myworkdayjobs.com/external
JOB BOARD,workday,https://fronius.wd3.myworkdayjobs.com/job_board
Jobs at Dataminr,workday,https://dataminr.wd12.myworkdayjobs.com/dataminr
Jobs at Western,workday,https://western.wd1.myworkdayjobs.com/western
Johnson & Johnson,workday,https://jj.wd5.myworkdayjobs.com/JJ
Jotun,workday,https://jotun.wd3.myworkdayjobs.com/jotun_careers
KBR,workday,https://kbr.wd5.myworkdayjobs.com/KBR_Careers
KeyBank,workday,https://keybank.wd5.myworkdayjobs.com/External_Career_Site
Kiongroup,workday,https://kiongroup.wd3.myworkdayjobs.com/kiongroup
KISS Beauty Group,workday,https://kissusa.wd12.myworkdayjobs.com/kiss_careers_external
Kohl's,workday,https://kohls.wd504.myworkdayjobs.com/kohlscareers
KSB,workday,https://ksb.wd3.myworkdayjobs.com/ksb_externalcareersite
KSM,workday,https://ksmcpa.wd12.myworkdayjobs.com/ksmcareers
Lamb Weston,workday,https://lambweston.wd1.myworkdayjobs.com/lamb_external
Landmark Properties,workday,https://landmarkproperties.wd12.myworkdayjobs.com/landmark_careers
Ledcor,workday,https://ledcor.wd3.myworkdayjobs.com/ledcor_external
LEGO,workday,https://lego.wd103.myworkdayjobs.com/lego_external
Lehigh Valley Health Network (LVHN),workday,https://lvhn.wd1.myworkdayjobs.com/lvhn
Lendmark Financial,workday,https://lendmarkfinancial.wd1.myworkdayjobs.com/search
lgi,workday,https://lgi.wd5.myworkdayjobs.com/lgi_careers
Lhoist Group,workday,https://lhoist.wd3.myworkdayjobs.com/careers
Li & Fung,workday,https://lifung.wd3.myworkdayjobs.com/lifung
Libertyglobal,workday,https://libertyglobal.wd3.myworkdayjobs.com/liberty_global_careers
Life at Starwood Hotels,workday,https://shhotelsandresorts.wd12.myworkdayjobs.com/shg
Life Fitness / Hammer Strength,workday,https://lifefitness.wd1.myworkdayjobs.com/searchlfn
Lifespacecommunities,workday,https://lifespacecommunities.wd1.myworkdayjobs.com/careers
LifeStance Health,workday,https://lifestance.wd5.myworkdayjobs.com/careers
Lifeworks,workday,https://lifeworks.wd3.myworkdayjobs.com/external
"Light & Wonder, Inc",workday,https://lnw.wd5.myworkdayjobs.com/lightwonderexternalcareers
Linklaters,workday,https://linklaters.wd3.myworkdayjobs.com/linklaters
Linklogistics,workday,https://linklogistics.wd5.myworkdayjobs.com/link
Lithia Motors,workday,https://lithia.wd5.myworkdayjobs.com/LithiaCareers
Littelfuse,workday,https://littelfuse.wd1.myworkdayjobs.com/littelfuse-careers
Livanova,workday,https://livanova.wd5.myworkdayjobs.com/search
Liveramp,workday,https://liveramp.wd5.myworkdayjobs.com/liverampcareers
Living Spaces,workday,https://livingspaces.wd5.myworkdayjobs.com/ls
Lkqcorp,workday,https://lkqcorp.wd5.myworkdayjobs.com/externalcareersite-lkq
Llbean,workday,https://llbean.wd1.myworkdayjobs.com/llbean_careers
Logitech,workday,https://logitech.wd5.myworkdayjobs.com/logitech
Lonza,workday,https://lonza.wd3.myworkdayjobs.com/lonza_careers
Looprecruiting,workday,https://looprecruiting.wd1.myworkdayjobs.com/external
Lowe's,workday,https://lowes.wd5.myworkdayjobs.com/LWS_External_CS
Lower,workday,https://lower.wd1.myworkdayjobs.com/lower_external_careers
Lseg,workday,https://lseg.wd3.myworkdayjobs.com/careers
Lsi,workday,https://lsi.wd3.myworkdayjobs.com/arxada_careers
Lumentum,workday,https://lumentum.wd5.myworkdayjobs.com/lite
Luminant,workday,https://vst.wd5.myworkdayjobs.com/luminant_careers
Luriechildrens,workday,https://luriechildrens.wd1.myworkdayjobs.com/externalportal
M&T Bank,workday,https://mtb.wd5.myworkdayjobs.com/MTB
Mainsail Lodging & Development,workday,https://mainsailhotels.wd5.myworkdayjobs.com/mainsail_property_management
"Manatt, Phelps & Phillips, LLP",workday,https://manatt.wd1.myworkdayjobs.com/manatt_global_careers
Manhattan Associates,workday,https://manh.wd5.myworkdayjobs.com/external
Manulife and John Hancock,workday,https://manulife.wd3.myworkdayjobs.com/mfcjh_jobs
Marathon County,workday,https://ccitc.wd1.myworkdayjobs.com/marathon_county_careers
Markelcorp,workday,https://markelcorp.wd5.myworkdayjobs.com/globalcareers
Marriott Vacations Worldwide,workday,https://mymvw.wd5.myworkdayjobs.com/HVOCareers
Marshall,workday,https://marshallmedical.wd1.myworkdayjobs.com/mmc
Martinâs Point Health Care,workday,https://martin.wd1.myworkdayjobs.com/mphc
Marvell,workday,https://marvell.wd1.myworkdayjobs.com/marvellcareers
Mary Free Bed Rehabilitation Hospital,workday,https://maryfreebed.wd12.myworkdayjobs.com/mfb
Mary Lanning Healthcare,workday,https://marylanning.wd1.myworkdayjobs.com/marylanningcareers
Marymount University,workday,https://marymount.wd5.myworkdayjobs.com/careers
Massgeneralbrigham,workday,https://massgeneralbrigham.wd1.myworkdayjobs.com/mgbexternal
Mastercard,workday,https://mastercard.wd1.myworkdayjobs.com/CorporateCareers
Material,workday,https://material.wd1.myworkdayjobs.com/material_external_career_site
Materion,workday,https://materion.wd5.myworkdayjobs.com/materion
Mcc Group,workday,https://mitsubishichemicalgroup.wd3.myworkdayjobs.com/mccgroupcareers
McKee Foods McKee Foods Corporation,workday,https://mckee.wd1.myworkdayjobs.com/mckee
McKesson,workday,https://mckesson.wd3.myworkdayjobs.com/external_careers
Medline,workday,https://medline.wd5.myworkdayjobs.com/medline
Medtronic,workday,https://medtronic.wd1.myworkdayjobs.com/MedtronicCareers
Meijer,workday,https://meijer.wd5.myworkdayjobs.com/fresh_thyme_stores_external_career_site
Memorial Hermann,workday,https://memorialhermann.wd5.myworkdayjobs.com/external
Menasha,workday,https://menasha.wd12.myworkdayjobs.com/menashacorp
Meow Wolf,workday,https://meowwolf.wd1.myworkdayjobs.com/meowwolf
Mercer University,workday,https://merceruniversity.wd1.myworkdayjobs.com/external
Meredith,workday,https://meredith.wd5.myworkdayjobs.com/ext
Meritage,workday,https://mhgi.wd1.myworkdayjobs.com/meritagecareers
Methodist Health System,workday,https://methodisthealthsystem.wd1.myworkdayjobs.com/MHS_Careers
Methodisthealth,workday,https://methodisthealth.wd5.myworkdayjobs.com/mlh
Mets,workday,https://sterlingmets.wd5.myworkdayjobs.com/mets
MFS Investment Management,workday,https://mfs.wd1.myworkdayjobs.com/MFS-Careers
Mgc,workday,https://mccowngordon.wd1.myworkdayjobs.com/mgc
Mh,workday,https://mymarinhealth.wd5.myworkdayjobs.com/mhcareers
MHC,workday,https://mhctn.wd12.myworkdayjobs.com/mhc_careers
Mhs,workday,https://mhs.wd1.myworkdayjobs.com/careers
Mica,workday,https://mica.wd5.myworkdayjobs.com/faculty
Michaels Companies Inc,workday,https://michaels.wd5.myworkdayjobs.com/external
Micron Technology,workday,https://micron.wd1.myworkdayjobs.com/External
Midtown,workday,https://midtown.wd1.myworkdayjobs.com/midtown_careers
Mileone,workday,https://mileone.wd1.myworkdayjobs.com/external
Mimecast,workday,https://mimecast.wd5.myworkdayjobs.com/mimecast-careers
Mitel,workday,https://mitel.wd3.myworkdayjobs.com/mitelcareers
Modivcare,workday,https://modivcare.wd1.myworkdayjobs.com/careers
Moelis & Company (âMoelisâ),workday,https://moelis.wd1.myworkdayjobs.com/experienced-hires
Monarch,workday,https://monarch.wd5.myworkdayjobs.com/monarch
Mondelēz International,workday,https://mdlz.wd3.myworkdayjobs.com/external
Montage Health,workday,https://montagehealth.wd5.myworkdayjobs.com/montage_health
Morgan Lewis,workday,https://morganlewis.wd5.myworkdayjobs.com/morganlewis
Morgan Stanley,workday,https://ms.wd5.myworkdayjobs.com/External
Motorola Solutions,workday,https://motorolasolutions.wd5.myworkdayjobs.com/careers
Movement,workday,https://movement.wd1.myworkdayjobs.com/careers
Mpc,workday,https://mpc.wd1.myworkdayjobs.com/mpccareers
Msigna,workday,https://msigna.wd5.myworkdayjobs.com/gbl
Mtmus,workday,https://mtmus.wd5.myworkdayjobs.com/externalcareers
Mueller Water Products,workday,https://muellerwaterproducts.wd5.myworkdayjobs.com/mueller
MUFG Union Bank,workday,https://mufgub.wd3.myworkdayjobs.com/MUFG-Careers
Multco,workday,https://multco.wd1.myworkdayjobs.com/multco_jobs
Munters,workday,https://munters.wd3.myworkdayjobs.com/external_careers
Muzinich & Co,workday,https://muzinich.wd5.myworkdayjobs.com/muzinichcareers
Myhr,workday,https://myhr.wd3.myworkdayjobs.com/planseegroup_career
Myhrabc,workday,https://myhrabc.wd5.myworkdayjobs.com/global
Myhrhome,workday,https://myhrhome.wd1.myworkdayjobs.com/onemaincareers
Mymoose,workday,https://mymoose.wd1.myworkdayjobs.com/careers
Nasdaq,workday,https://nasdaq.wd1.myworkdayjobs.com/global_external_site
National Education Association,workday,https://nea.wd1.myworkdayjobs.com/ExternalCareers
Nationalchurchresidences,workday,https://nationalchurchresidences.wd5.myworkdayjobs.com/careers
Nationalindemnity,workday,https://nationalindemnity.wd5.myworkdayjobs.com/nico
"Nationally recognized, DePauw",workday,https://depauw.wd5.myworkdayjobs.com/depauw_university
Nature Conservancy,workday,https://nature.wd108.myworkdayjobs.com/externalcareers
Navigators,workday,https://navigators.wd1.myworkdayjobs.com/external
Nc,workday,https://nc.wd108.myworkdayjobs.com/nc_careers
Ncino,workday,https://ncino.wd5.myworkdayjobs.com/ncinocareers
Nebraska Medicine includes two hospitals,workday,https://nebraskamed.wd5.myworkdayjobs.com/nm
NEIU,workday,https://neiu.wd1.myworkdayjobs.com/neiu
Neogen,workday,https://neogen.wd5.myworkdayjobs.com/neogencareers
Netflix,workday,https://netflix.wd108.myworkdayjobs.com/Netflix
New Charter Technologies,workday,https://newchartertech.wd12.myworkdayjobs.com/newchartertechnologies
Newfold Digital,workday,https://web.wd1.myworkdayjobs.com/externalcareersite
Nexperia,workday,https://nexperia.wd3.myworkdayjobs.com/careers
Nexstar Media Group,workday,https://nexstar.wd5.myworkdayjobs.com/nexstar
NextGen Healthcare,workday,https://nextgen.wd5.myworkdayjobs.com/NextGen_Careers
Ngs,workday,https://ngs.wd1.myworkdayjobs.com/ngs_external_career_site
Nike,workday,https://nike.wd1.myworkdayjobs.com/nke
Nilfisk,workday,https://nilfisk.wd3.myworkdayjobs.com/nilfisk
Nissan,workday,https://alliance.wd3.myworkdayjobs.com/nissanjobs
Nordic,workday,https://nordic.wd1.myworkdayjobs.com/nordic
Nordstrom,workday,https://nordstrom.wd501.myworkdayjobs.com/nordstrom_careers
Northeast Georgia Health System (NGHS),workday,https://nghs.wd1.myworkdayjobs.com/external
Northern Trust,workday,https://ntrs.wd1.myworkdayjobs.com/northerntrust
NorthMark Strategies,workday,https://northmark.wd108.myworkdayjobs.com/nms
NorthWest Arkansas Community College (NWACC),workday,https://nwacc.wd1.myworkdayjobs.com/nwacc_external_career_site
Northwestern Mutual,workday,https://northwesternmutual.wd5.myworkdayjobs.com/corporate-careers
Norwegian Cruise Line Holdings (NCLH),workday,https://nclh.wd108.myworkdayjobs.com/nclh_careers
Nouria,workday,https://nouria.wd1.myworkdayjobs.com/nec
Novanta,workday,https://novanta.wd5.myworkdayjobs.com/novanta-careers
Novartis,workday,https://novartis.wd3.myworkdayjobs.com/Novartis_Careers
Nreca,workday,https://nreca.wd1.myworkdayjobs.com/external
Nrf,workday,https://nrf.wd3.myworkdayjobs.com/external
NRP,workday,https://nrpgroup.wd1.myworkdayjobs.com/nrp
Nttlimited,workday,https://nttlimited.wd3.myworkdayjobs.com/ntt_careers
Nu Skin,workday,https://nuskin.wd5.myworkdayjobs.com/nuskin
Nutreco,workday,https://nutreco.wd3.myworkdayjobs.com/nutreco_external
Nvent,workday,https://nvent.wd5.myworkdayjobs.com/nvent
NVIDIA,workday,https://nvidia.wd5.myworkdayjobs.com/NVIDIAExternalCareerSite
Nwis,workday,https://nwis.wd12.myworkdayjobs.com/nw
Nxp,workday,https://nxp.wd3.myworkdayjobs.com/careers
Oaktree,workday,https://oaktree.wd1.myworkdayjobs.com/oaktree
Oceanspray,workday,https://oceanspray.wd5.myworkdayjobs.com/oceansprayjobs
Ochsner Health,workday,https://ochsner.wd1.myworkdayjobs.com/ochsneracq
Oclc,workday,https://oclc.wd1.myworkdayjobs.com/oclc_careers
Odfl,workday,https://odfl.wd1.myworkdayjobs.com/odfl_careers
Ohiohealth,workday,https://ohiohealth.wd5.myworkdayjobs.com/ohiohealthjobs
Omers,workday,https://omers.wd3.myworkdayjobs.com/omers_external
Omnissa,workday,https://omnissa.wd501.myworkdayjobs.com/Omnissa_External_Career_Site
OneDigital,workday,https://onedigital.wd5.myworkdayjobs.com/onedigital
Onehealthineers,workday,https://onehealthineers.wd3.myworkdayjobs.com/shsjb
Onelineage,workday,https://onelineage.wd1.myworkdayjobs.com/external
ONEOK,workday,https://oneok.wd1.myworkdayjobs.com/ONEOK
Ontario Teachers,workday,https://otppb.wd3.myworkdayjobs.com/ontarioteachers_careers
Optiv,workday,https://optiv.wd5.myworkdayjobs.com/optiv_careers
Oregon state government,workday,https://oregon.wd5.myworkdayjobs.com/sor_external_career_site
Oshkoshcorporation,workday,https://oshkoshcorporation.wd5.myworkdayjobs.com/oshkosh
Ossur,workday,https://ossur.wd3.myworkdayjobs.com/ossurcareersglobal
OU Health,workday,https://oumedicine.wd5.myworkdayjobs.com/ouhealthcareers
Ouryahoo,workday,https://ouryahoo.wd5.myworkdayjobs.com/careers
OUTFRONT,workday,https://outfrontmedia.wd1.myworkdayjobs.com/outfrontmedia
Outrigger,workday,https://outrigger.wd5.myworkdayjobs.com/outriggerenterprisesgroup
Ovative Group,workday,https://ovative.wd12.myworkdayjobs.com/ovative
Owens & Minor and Accendra Health,workday,https://owensminor.wd1.myworkdayjobs.com/omcareers
Owensboro Health,workday,https://owensborohealth.wd1.myworkdayjobs.com/owensborohealth
Oxy,workday,https://oxy.wd5.myworkdayjobs.com/corporate
PacBio,workday,https://pacbio.wd12.myworkdayjobs.com/pacbio-
Pacific Life,workday,https://pacificlife.wd1.myworkdayjobs.com/pacificlifecareers
Pacourts,workday,https://pacourts.wd5.myworkdayjobs.com/pacourts
Panerabread,workday,https://panerabread.wd5.myworkdayjobs.com/panera_careers
Paper,workday,https://paper.wd3.myworkdayjobs.com/paper_careers
PATH,workday,https://path.wd1.myworkdayjobs.com/External
Patientfirst,workday,https://patientfirst.wd5.myworkdayjobs.com/patientfirst
PayPal,workday,https://paypal.wd1.myworkdayjobs.com/jobs
PCI Pharma Services,workday,https://pciservices.wd1.myworkdayjobs.com/External
Pegasus,workday,https://pegasuslogistics.wd1.myworkdayjobs.com/plg
Pentair,workday,https://pentair.wd5.myworkdayjobs.com/pentair_careers
Permian Resources,workday,https://permianres.wd12.myworkdayjobs.com/permian_resources_careers
Pernod Ricard,workday,https://pernodricard.wd3.myworkdayjobs.com/pernod-ricard
Pet Supermarket,workday,https://petretailbrands.wd5.myworkdayjobs.com/external_career_site_pet_supermarket_inc
Peter Millar,workday,https://petermillarllc.wd12.myworkdayjobs.com/pmi
Pfizer,workday,https://pfizer.wd1.myworkdayjobs.com/pfizercareers
PFM,workday,https://pfm.wd5.myworkdayjobs.com/pfm-ex
PGA TOUR Superstore,workday,https://pgatoursuperstore.wd12.myworkdayjobs.com/pgat_ss
Phfa,workday,https://phfa.wd5.myworkdayjobs.com/phfa
Philips,workday,https://philips.wd3.myworkdayjobs.com/jobs-and-careers
Photonics,workday,https://photonics.wd103.myworkdayjobs.com/photonics
Pillsbury,workday,https://pillsburylaw.wd5.myworkdayjobs.com/external
Pima County,workday,https://pimacounty.wd5.myworkdayjobs.com/pimacareers
PineBridge Investments,workday,https://pinebridge.wd5.myworkdayjobs.com/pinebridge_career_site
Piramal Pharma,workday,https://piramalpharma.wd102.myworkdayjobs.com/PIRAMAL_EXTERNAL_CAREERS
Pjm,workday,https://pjm.wd5.myworkdayjobs.com/pjmcareers
Pladis,workday,https://pladis.wd3.myworkdayjobs.com/pladis_careers
Plmarketing,workday,https://plmarketing.wd12.myworkdayjobs.com/plm
Plug Power,workday,https://plugpower.wd5.myworkdayjobs.com/plug_power_inc
PM Pediatric Care,workday,https://pmpediatrics.wd5.myworkdayjobs.com/pmpeds
PNC Financial,workday,https://pnc.wd5.myworkdayjobs.com/external
Polaris,workday,https://polaris.wd5.myworkdayjobs.com/polarisjobs
Porthouston,workday,https://porthouston.wd5.myworkdayjobs.com/external_careers
Portland General Electric,workday,https://portlandgeneral.wd5.myworkdayjobs.com/pgn
Power the World,workday,https://monolithicpower.wd12.myworkdayjobs.com/mps_careers
Premier Research,workday,https://premierresearch.wd12.myworkdayjobs.com/PremierResearch
Printpack,workday,https://printpack.wd1.myworkdayjobs.com/printpackcareers
Procter & Gamble,workday,https://pg.wd5.myworkdayjobs.com/1000
Progressive Leasing,workday,https://progleasing.wd5.myworkdayjobs.com/progleasingcareers
Progyny,workday,https://progyny.wd5.myworkdayjobs.com/progyny
Prologis,workday,https://prologis.wd5.myworkdayjobs.com/prologis_external_careers
ProMedica,workday,https://promedica.wd12.myworkdayjobs.com/external_careers
Proofpoint,workday,https://proofpoint.wd5.myworkdayjobs.com/proofpointcareers
ProPharma Group,workday,https://propharmagroup.wd1.myworkdayjobs.com/ppgcareers
"PROS, Inc",workday,https://pros.wd5.myworkdayjobs.com/pros_careers
Protiviti (www.protiviti.com),workday,https://roberthalf.wd1.myworkdayjobs.com/protivitiexperiencedcareers
Prudential Financial,workday,https://pru.wd5.myworkdayjobs.com/Careers
Prysmian,workday,https://prysmiangroup.wd3.myworkdayjobs.com/careers
PTC,workday,https://ptc.wd1.myworkdayjobs.com/ptc
Public Consulting Group LLC (PCG),workday,https://pcg.wd1.myworkdayjobs.com/pcg_external_careers
Pultegroup,workday,https://pultegroup.wd1.myworkdayjobs.com/pgi
PURE,workday,https://pureinsurance.wd5.myworkdayjobs.com/pure
Pvh,workday,https://pvh.wd1.myworkdayjobs.com/pvh_careers
PwC,workday,https://pwc.wd3.myworkdayjobs.com/US_Experienced_Careers
Q2Ebanking,workday,https://q2ebanking.wd5.myworkdayjobs.com/q2
Qbe,workday,https://qbe.wd3.myworkdayjobs.com/qbe-careers
QTS,workday,https://qtsdatacenters.wd5.myworkdayjobs.com/qts
"Quality, Compassionate Care For All",workday,https://loganhealth.wd1.myworkdayjobs.com/logan_careers
Qualys,workday,https://qualys.wd5.myworkdayjobs.com/careers
Quirch Foods,workday,https://quirchfoods.wd12.myworkdayjobs.com/quirch_foods
R1Rcm,workday,https://r1rcm.wd1.myworkdayjobs.com/r1rcm
Rackspace,workday,https://rackspace.wd1.myworkdayjobs.com/external
Radiancetech,workday,https://radiancetech.wd12.myworkdayjobs.com/radiance_external
RAND,workday,https://rand.wd5.myworkdayjobs.com/external_career_site
Raymond James Financial,workday,https://raymondjames.wd1.myworkdayjobs.com/RaymondJamesCareers
Razer,workday,https://razer.wd3.myworkdayjobs.com/careers
Rb,workday,https://rb.wd5.myworkdayjobs.com/frs
Rbc,workday,https://rbc.wd3.myworkdayjobs.com/rbcearlytalent1
Rbi,workday,https://rbi.wd3.myworkdayjobs.com/rbi_external_career_site
Reasonable Accommodation Sabre,workday,https://sabre.wd1.myworkdayjobs.com/sabrejobs
Red Hat,workday,https://redhat.wd5.myworkdayjobs.com/jobs
Redrobin,workday,https://redrobin.wd1.myworkdayjobs.com/redrobin_careers
Regal Rexnord,workday,https://regalrexnord.wd1.myworkdayjobs.com/careers
Regeneron,workday,https://regeneron.wd1.myworkdayjobs.com/careers
Regionalfinance,workday,https://regionalfinance.wd1.myworkdayjobs.com/rmc
Regions Financial,workday,https://regions.wd5.myworkdayjobs.com/Regions_Careers
Rehlko,workday,https://rehlko.wd12.myworkdayjobs.com/reh
Relation Insurance Services,workday,https://relationinsurance.wd5.myworkdayjobs.com/relation
ReliaQuest,workday,https://reliaquest.wd5.myworkdayjobs.com/reliaquest_careers
Remitly,workday,https://remitly.wd5.myworkdayjobs.com/remitly_careers
Republic,workday,https://republic.wd5.myworkdayjobs.com/republic
Resilience,workday,https://resilience.wd1.myworkdayjobs.com/resilience_careers
Resolution Life,workday,https://resolutionlife.wd5.myworkdayjobs.com/resolutionlife_jobs
Revvity,workday,https://revvity.wd103.myworkdayjobs.com/external
Reworld,workday,https://reworld.wd5.myworkdayjobs.com/external
Rfcuny,workday,https://rfcuny.wd108.myworkdayjobs.com/rfcuny
RGA,workday,https://rgare.wd1.myworkdayjobs.com/careers
Rhodes,workday,https://rhodes.wd5.myworkdayjobs.com/rhodes_careers
Richardson Our,workday,https://richardson.wd3.myworkdayjobs.com/richardson_our_careers
Ringcentral,workday,https://ringcentral.wd1.myworkdayjobs.com/ringcentral_careers
RISD (pronounced âRIZ-deeâ),workday,https://risd.wd5.myworkdayjobs.com/risd
Rite-Hite,workday,https://ritehite.wd12.myworkdayjobs.com/rhh
rkl,workday,https://rkl.wd1.myworkdayjobs.com/rkl
Rmi,workday,https://rockymountain.wd1.myworkdayjobs.com/rmi
Roche,workday,https://roche.wd3.myworkdayjobs.com/roche-ext
Rochester,workday,https://rochester.wd5.myworkdayjobs.com/ur_staff
Rock Dental Brands,workday,https://rockdentalbrands.wd5.myworkdayjobs.com/axpm-dental-management-llc
Rocket,workday,https://quickenloans.wd5.myworkdayjobs.com/rocket_careers
Rockpa,workday,https://rockpa.wd5.myworkdayjobs.com/rpa-careers
Rockwellautomation,workday,https://rockwellautomation.wd1.myworkdayjobs.com/external_rockwell_automation
ROCKWOOL Group,workday,https://rockwoolgroup.wd3.myworkdayjobs.com/rockwool
Rogue Fitness,workday,https://roguefitness.wd1.myworkdayjobs.com/roguefitness_external_careers
Rollsroyce,workday,https://rollsroyce.wd3.myworkdayjobs.com/professional
Roquette,workday,https://roquette.wd3.myworkdayjobs.com/external
Rosendin,workday,https://rosendin.wd1.myworkdayjobs.com/careers
Rothschildandco,workday,https://rothschildandco.wd3.myworkdayjobs.com/rothschildandco_lateral
Royal Vopak,workday,https://vopak.wd3.myworkdayjobs.com/careersatvopak
Rsm,workday,https://rsm.wd1.myworkdayjobs.com/rsmcareers
Ruder Finn,workday,https://ruderfinn.wd5.myworkdayjobs.com/ruderfinn
Russell Investments,workday,https://russell.wd5.myworkdayjobs.com/russellinvestments
Ryansg,workday,https://ryansg.wd5.myworkdayjobs.com/ryan_specialty_career_site
Ryder,workday,https://ryder.wd5.myworkdayjobs.com/rydercareers
Saabusa,workday,https://saabusa.wd1.myworkdayjobs.com/saab_careers
Safeguard Global,workday,https://safeguardglobal.wd3.myworkdayjobs.com/external_careers
Saia,workday,https://saia.wd1.myworkdayjobs.com/saiacareers
SailPoint,workday,https://sailpoint.wd1.myworkdayjobs.com/sailpoint
Saintlukes,workday,https://saintlukes.wd1.myworkdayjobs.com/saintlukeshealthcareers
Salad and Go,workday,https://saladandgo.wd5.myworkdayjobs.com/salad-and-go-external-careers
Salesforce,workday,https://salesforce.wd12.myworkdayjobs.com/External_Career_Site
Salinasvalleyhealth,workday,https://salinasvalleyhealth.wd5.myworkdayjobs.com/salinasvalleyhealth
Sandoz,workday,https://sandoz.wd103.myworkdayjobs.com/sandoz_careers
Sands,workday,https://sands.wd1.myworkdayjobs.com/sands_careers
Sanford,workday,https://sanford.wd5.myworkdayjobs.com/sanfordhealth
Sanimax,workday,https://sanimax.wd3.myworkdayjobs.com/sanimaxext
Sanofi,workday,https://sanofi.wd3.myworkdayjobs.com/SanofiCareers
Santander,workday,https://santander.wd3.myworkdayjobs.com/santandercareers
Saputo,workday,https://saputo.wd5.myworkdayjobs.com/saputo_external_careers
Sauk Prairie Healthcare,workday,https://saukprairiehealthcare.wd12.myworkdayjobs.com/sauk_prairie_healthcare_careers
Savista,workday,https://savista.wd1.myworkdayjobs.com/savista
Sbasite,workday,https://sbasite.wd5.myworkdayjobs.com/sba_communications_careers
Sbdinc,workday,https://sbdinc.wd1.myworkdayjobs.com/stanley_black_decker_career_site
SBM,workday,https://sbmmanagement.wd108.myworkdayjobs.com/sbm
Scholastic,workday,https://scholastic.wd5.myworkdayjobs.com/external
Sci,workday,https://sci.wd5.myworkdayjobs.com/sci
Scottish Rite for Children,workday,https://src.wd1.myworkdayjobs.com/scottishriteforchildren
Scottsmiraclegro,workday,https://scottsmiraclegro.wd5.myworkdayjobs.com/smgexternal
Sea Mar,workday,https://seamar.wd12.myworkdayjobs.com/sea_mar
Sees,workday,https://sees.wd1.myworkdayjobs.com/sees_candies
Sefl,workday,https://sefl.wd1.myworkdayjobs.com/sefl
Sehinc,workday,https://sehinc.wd12.myworkdayjobs.com/seh
Seic,workday,https://seic.wd1.myworkdayjobs.com/sei_global_services
SEL,workday,https://selinc.wd1.myworkdayjobs.com/sel
Semrush,workday,https://semrush.wd5.myworkdayjobs.com/semrushcareers
Semtech,workday,https://semtech.wd1.myworkdayjobs.com/SemtechCareers
Sensata,workday,https://sensata.wd1.myworkdayjobs.com/sensata-careers
Sentara Health,workday,https://sentara.wd1.myworkdayjobs.com/scs
Servco,workday,https://servco.wd5.myworkdayjobs.com/servco_careers
ServiceTitan,workday,https://servicetitan.wd1.myworkdayjobs.com/servicetitan
Seven Counties,workday,https://sevencounties.wd5.myworkdayjobs.com/sevencountiescareers
Sgadental,workday,https://sgadental.wd5.myworkdayjobs.com/careers
SGC,workday,https://senecacasinos.wd12.myworkdayjobs.com/sgc
Sglottery,workday,https://sglottery.wd5.myworkdayjobs.com/scientificgamesexternalcareers
Shakeshack,workday,https://shakeshack.wd5.myworkdayjobs.com/external
Shell,workday,https://shell.wd3.myworkdayjobs.com/ShellCareers
Shelter InsuranceÂ® group of companies,workday,https://shelterinsurance.wd5.myworkdayjobs.com/careers
Shepherd,workday,https://shepherd.wd5.myworkdayjobs.com/shepherdcenter
Shi,workday,https://shi.wd12.myworkdayjobs.com/shicareers
Signet Jewelers,workday,https://signetjewelers.wd1.myworkdayjobs.com/signetcorporatecareers
Silgan,workday,https://silgancontainers.wd1.myworkdayjobs.com/silgan
Silicon Labs,workday,https://silabs.wd1.myworkdayjobs.com/siliconlabscareers
Silver Cross,workday,https://silvercross.wd5.myworkdayjobs.com/silvercrosscareers
Simmonsbank,workday,https://simmonsbank.wd5.myworkdayjobs.com/simmonscareers
Sju,workday,https://sju.wd1.myworkdayjobs.com/sju
Skadden,workday,https://skadden.wd5.myworkdayjobs.com/skadden_careers
Skechers,workday,https://skechers.wd5.myworkdayjobs.com/one-career-site
Skookum,workday,https://skookum.wd1.myworkdayjobs.com/careers
Skyzone,workday,https://skyzone.wd12.myworkdayjobs.com/skyzone
Slihrms,workday,https://slihrms.wd3.myworkdayjobs.com/careers
Slrconsulting,workday,https://slrconsulting.wd103.myworkdayjobs.com/slrcareers
Slu,workday,https://slu.wd5.myworkdayjobs.com/careers
Smith+Nephew,workday,https://smithnephew.wd5.myworkdayjobs.com/external
Smithfieldfoods,workday,https://smithfieldfoods.wd1.myworkdayjobs.com/careers
Snapfinance,workday,https://snapfinance.wd1.myworkdayjobs.com/snap_external_careers
Snyk,workday,https://snyk.wd103.myworkdayjobs.com/external
Solera,workday,https://solera.wd5.myworkdayjobs.com/global_career_site
SOLV Energy,workday,https://solvenergy.wd1.myworkdayjobs.com/solv_external_career
Solventum,workday,https://healthcare.wd1.myworkdayjobs.com/Search
Som,workday,https://som.wd5.myworkdayjobs.com/external
Sonaca North America,workday,https://sonaca.wd103.myworkdayjobs.com/sonaca_careers
Sonder,workday,https://sonder.wd1.myworkdayjobs.com/join_sonder
Sonic Healthcare USA,workday,https://shusa.wd5.myworkdayjobs.com/external
Sonoco,workday,https://sonoco.wd1.myworkdayjobs.com/corporatecareers
Sony,workday,https://sonyglobal.wd1.myworkdayjobs.com/SonyGlobalCareers
South Shore Health,workday,https://southshorehealth.wd5.myworkdayjobs.com/ssh_careers
South Texas College,workday,https://southtexascollege.wd12.myworkdayjobs.com/stc
Southwest Airlines,workday,https://swa.wd1.myworkdayjobs.com/external
Spartannash,workday,https://spartannash.wd1.myworkdayjobs.com/spartannash_careers
Specialized,workday,https://specialized.wd5.myworkdayjobs.com/specialized_external_career_site
Spencer Stuart,workday,https://spencerstuart.wd5.myworkdayjobs.com/spencer_stuart_external_careers
Spgi,workday,https://spgi.wd5.myworkdayjobs.com/spgi_careers
Springernature,workday,https://springernature.wd3.myworkdayjobs.com/springernaturecareers
Sprinklr,workday,https://sprinklr.wd1.myworkdayjobs.com/careers
SPU,workday,https://spu.wd12.myworkdayjobs.com/spu
SS&C,workday,https://ssctech.wd1.myworkdayjobs.com/ssctechnologies
Ssmh,workday,https://ssmh.wd5.myworkdayjobs.com/ssmhealth
St. Charles Health System,workday,https://stcharles.wd1.myworkdayjobs.com/external
Staff Jobs at LU,workday,https://liberty.wd5.myworkdayjobs.com/lu_job_board_staff
Staff Openings,workday,https://olemiss.wd12.myworkdayjobs.com/external__staff
"Stand Out For Good, Inc",workday,https://standoutforgood.wd12.myworkdayjobs.com/standoutforgood
Standard,workday,https://standard.wd1.myworkdayjobs.com/search
Starr,workday,https://starrcompanies.wd1.myworkdayjobs.com/careers
Stars,workday,https://stars.wd1.myworkdayjobs.com/search
STEMCELL Technologies Inc,workday,https://stemcell.wd3.myworkdayjobs.com/external_careers
Stewart,workday,https://stewart.wd1.myworkdayjobs.com/external
Stibo Systems,workday,https://stibosystems.wd3.myworkdayjobs.com/careers-at-stibo-systems
Stoel Rives,workday,https://stoel.wd1.myworkdayjobs.com/stoelrivescareers
Stoneridge,workday,https://stoneridge.wd5.myworkdayjobs.com/careers
Stord,workday,https://stord.wd503.myworkdayjobs.com/stord_external_career
Stph,workday,https://stph.wd5.myworkdayjobs.com/stph
Strada,workday,https://strada.wd12.myworkdayjobs.com/careers
STRS Ohio associates,workday,https://strsoh.wd1.myworkdayjobs.com/strs_jobs
Stryker,workday,https://stryker.wd1.myworkdayjobs.com/strykercareers
Sturdymemorial,workday,https://sturdymemorial.wd5.myworkdayjobs.com/sturdy
STV,workday,https://stvinc.wd5.myworkdayjobs.com/stv
Suddath,workday,https://suddath.wd5.myworkdayjobs.com/suddath
Suffolkcountyny,workday,https://suffolkcountyny.wd1.myworkdayjobs.com/suffolkcounty1
"Sumitomo Pharma Co., Ltd",workday,https://sumitomopharma.wd5.myworkdayjobs.com/smpa
Suncor,workday,https://suncor.wd1.myworkdayjobs.com/suncor_external
Suse,workday,https://suse.wd3.myworkdayjobs.com/jobsatsuse
Svh,workday,https://stormontvail.wd1.myworkdayjobs.com/svh
Swarovski,workday,https://swarovski.wd3.myworkdayjobs.com/swarovski
SWBC,workday,https://swbc.wd1.myworkdayjobs.com/swbccareers
Swift,workday,https://swift.wd3.myworkdayjobs.com/join-swift
Synechron,workday,https://synechron.wd1.myworkdayjobs.com/synechroncareers
Syneoshealth,workday,https://syneoshealth.wd12.myworkdayjobs.com/syneos_health_external_site
Sysco,workday,https://sysco.wd5.myworkdayjobs.com/syscocareers
T-Mobile US,workday,https://tmobile.wd1.myworkdayjobs.com/External
T. Rowe Price,workday,https://troweprice.wd5.myworkdayjobs.com/troweprice
Takeda,workday,https://takeda.wd3.myworkdayjobs.com/external
TAKRAF Group,workday,https://takraf.wd103.myworkdayjobs.com/takraf_external_careers
Tandem Diabetes Care,workday,https://tandemdiabetes.wd12.myworkdayjobs.com/tandemdiabetes
Tanger,workday,https://tanger.wd108.myworkdayjobs.com/tanger_external_careersite
Target,workday,https://target.wd5.myworkdayjobs.com/targetcareers
Tarkett,workday,https://tarkett.wd3.myworkdayjobs.com/tarkett_careers
TaskUs,workday,https://taskus.wd1.myworkdayjobs.com/Careers
Tbc,workday,https://tbc.wd12.myworkdayjobs.com/lyriccareers
Tbinstitute,workday,https://tbinstitute.wd3.myworkdayjobs.com/tbi
Tbkbank,workday,https://tbkbank.wd1.myworkdayjobs.com/tfin
TC Energy,workday,https://tcenergy.wd3.myworkdayjobs.com/CAREER_SITE_TC
TCGplayer,workday,https://ebay.wd5.myworkdayjobs.com/tcgplayer_external_career
TD,workday,https://td.wd3.myworkdayjobs.com/td_bank_careers
TD Synnex,workday,https://synnex.wd5.myworkdayjobs.com/tdsynnexcareers
Teamwass,workday,https://teamwass.wd5.myworkdayjobs.com/wassermancareers
TEL,workday,https://tel.wd3.myworkdayjobs.com/tel-careers
TelevisaUnivision,workday,https://univision.wd1.myworkdayjobs.com/external
Tempus,workday,https://tempus.wd5.myworkdayjobs.com/tempus_careers
Terex,workday,https://terex.wd1.myworkdayjobs.com/terexcareers
Thales,workday,https://thales.wd3.myworkdayjobs.com/careers
The Aerospace Corporation,workday,https://aero.wd5.myworkdayjobs.com/External
The Walt Disney Company,workday,https://disney.wd5.myworkdayjobs.com/disneycareer
Thehartford,workday,https://thehartford.wd5.myworkdayjobs.com/careers_external
Theocc,workday,https://theocc.wd5.myworkdayjobs.com/careers
There's a reason why Fiserv,workday,https://fiserv.wd5.myworkdayjobs.com/ext
Thinkbrg,workday,https://thinkbrg.wd5.myworkdayjobs.com/brg_external_career_site
Thomson Reuters,workday,https://thomsonreuters.wd5.myworkdayjobs.com/External_Career_Site
Thrivent,workday,https://thrivent.wd5.myworkdayjobs.com/external
Thriveworks,workday,https://thriveworks.wd5.myworkdayjobs.com/thriveworks
Tiaa,workday,https://tiaa.wd1.myworkdayjobs.com/search
Tidelands Health,workday,https://tidelandshealth.wd12.myworkdayjobs.com/tidelands
TigerConnect,workday,https://tigerconnect.wd1.myworkdayjobs.com/tc
Tinuiti,workday,https://tinuiti.wd12.myworkdayjobs.com/tinuiti
TJX Companies,workday,https://tjx.wd1.myworkdayjobs.com/TJX_EXTERNAL
Tl,workday,https://tateandlyle.wd3.myworkdayjobs.com/tlcareers
Tmx,workday,https://tmx.wd3.myworkdayjobs.com/tmx_careers
Towne,workday,https://townepark.wd5.myworkdayjobs.com/ext
Trade Desk,workday,https://thetradedesk.wd5.myworkdayjobs.com/ttdexternalsite
Transforming Age,workday,https://transformingage.wd108.myworkdayjobs.com/joinus
TransPerfect,workday,https://transperfect.wd5.myworkdayjobs.com/transperfect
Transunion,workday,https://transunion.wd5.myworkdayjobs.com/transunion
Travelers,workday,https://travelers.wd5.myworkdayjobs.com/external
Travere Therapeutics,workday,https://travere.wd1.myworkdayjobs.com/traverecareers
Tricentis,workday,https://tricentis.wd1.myworkdayjobs.com/tricentis_careers
Tricon,workday,https://tricon.wd3.myworkdayjobs.com/tricon
Trinity Health,workday,https://trinityhealth.wd1.myworkdayjobs.com/jobs
Troutman,workday,https://troutman.wd5.myworkdayjobs.com/tprecruit1
TRUMPF Graduates and Professionals,workday,https://trumpf.wd3.myworkdayjobs.com/trumpf_graduates_and_professionals
Tsc,workday,https://tscfl.wd12.myworkdayjobs.com/tsc_external_career_site
Ttc,workday,https://ttc.wd1.myworkdayjobs.com/toro_external_careers
TTM,workday,https://ttmtech.wd5.myworkdayjobs.com/jobs
"Tyson Foods, Inc",workday,https://tysonfoods.wd5.myworkdayjobs.com/tsn
U.S. Bank,workday,https://usbank.wd1.myworkdayjobs.com/US_Bank_Careers
UHS proudly,workday,https://nyuhs.wd12.myworkdayjobs.com/nyuhscareers1
UHY,workday,https://uhyus.wd12.myworkdayjobs.com/uhy
Uline,workday,https://uline.wd1.myworkdayjobs.com/Uline_Careers
Ultra Electronics,workday,https://ultra.wd3.myworkdayjobs.com/ultra-careers
Umassglobal,workday,https://umassglobal.wd5.myworkdayjobs.com/umassglobalcareers
UMB,workday,https://umb.wd1.myworkdayjobs.com/umbexternal
UMGC,workday,https://umgc.wd1.myworkdayjobs.com/umgc_careers
Umiami,workday,https://umiami.wd1.myworkdayjobs.com/umcareerstaff
Ummc,workday,https://ummc.wd5.myworkdayjobs.com/umccareers
Ump,workday,https://umphysicians.wd1.myworkdayjobs.com/umpcareers
Unf,workday,https://unf.wd5.myworkdayjobs.com/unfjobs
Unhcr,workday,https://unhcr.wd3.myworkdayjobs.com/external
Unilever,workday,https://unilever.wd3.myworkdayjobs.com/unilever_experienced_professionals
Union College,workday,https://unioncollege.wd5.myworkdayjobs.com/unioncollegecareers
Unisys,workday,https://unisys.wd5.myworkdayjobs.com/external
Unitedtalent,workday,https://unitedtalent.wd5.myworkdayjobs.com/utaprivate
University of Chicago,workday,https://uchicago.wd5.myworkdayjobs.com/external
University of Kansas Health System,workday,https://kansashealthsystem.wd1.myworkdayjobs.com/careers
University Of New Orleans,workday,https://ulsuno.wd1.myworkdayjobs.com/universityofneworleans
University of Southern California,workday,https://usc.wd5.myworkdayjobs.com/externalusccareers
University of Texas at Austin Staff,workday,https://utaustin.wd1.myworkdayjobs.com/utstaff
UofL Health,workday,https://uoflhealth.wd1.myworkdayjobs.com/UofLHealthCareers
Us Amynta Group,workday,https://amynta.wd5.myworkdayjobs.com/global
Us Finning,workday,https://finning.wd3.myworkdayjobs.com/external
US Foods,workday,https://usfoods.wd1.myworkdayjobs.com/usfoodscareersExternal
Us Gutor,workday,https://gutor.wd3.myworkdayjobs.com/gutor_career_site
Us MTM Health,workday,https://mtminc.wd1.myworkdayjobs.com/mtm_external
Us PTC Therapeutics,workday,https://ptcbio.wd5.myworkdayjobs.com/ptc_careers
Us Retail,workday,https://maurices.wd5.myworkdayjobs.com/us_retail_jobs
"Us Taymax Group, LP",workday,https://taymax.wd5.myworkdayjobs.com/external_careers
Usjobs Gen Gfs,workday,https://gfs.wd5.myworkdayjobs.com/usjobs-gen-gfs
Valeo,workday,https://valeo.wd3.myworkdayjobs.com/valeo_jobs
Valmet,workday,https://valmet.wd103.myworkdayjobs.com/external
Values and Culture Working at DuBois,workday,https://duboischemicals.wd1.myworkdayjobs.com/external
Vanguard,workday,https://vanguard.wd5.myworkdayjobs.com/vanguard_external
Varex,workday,https://vareximaging.wd103.myworkdayjobs.com/external_career_site
Vb,workday,https://verabradley.wd5.myworkdayjobs.com/vbcareers
Velera,workday,https://velera.wd5.myworkdayjobs.com/veleracareers
Venbrook,workday,https://venbrook.wd5.myworkdayjobs.com/careers
Venerable,workday,https://venerable.wd5.myworkdayjobs.com/venerablecareers
Veradigm,workday,https://veradigm.wd12.myworkdayjobs.com/vr
Vincitgroup,workday,https://vincitgroup.wd5.myworkdayjobs.com/vincit_external_1
Visa,workday,https://visa.wd5.myworkdayjobs.com/Visa
Visitcatalinaisland,workday,https://visitcatalinaisland.wd12.myworkdayjobs.com/ico
Vossloh,workday,https://vossloh.wd3.myworkdayjobs.com/vossloh_external_careers
Voya Financial,workday,https://godirect.wd5.myworkdayjobs.com/voya_jobs
Vumc,workday,https://vumc.wd1.myworkdayjobs.com/vumccareers
Walmart,workday,https://walmart.wd5.myworkdayjobs.com/WalmartExternal
Walsh Group,workday,https://walshgroup.wd12.myworkdayjobs.com/walshgroup
Warner Bros. Discovery,workday,https://warnerbros.wd5.myworkdayjobs.com/global
Washington County,workday,https://wacounty.wd12.myworkdayjobs.com/careers
Waste Connections,workday,https://wasteconnections.wd1.myworkdayjobs.com/careers
Watts Water,workday,https://wattswater.wd5.myworkdayjobs.com/external
Wawa,workday,https://wawa.wd1.myworkdayjobs.com/careers
Websteronline,workday,https://websteronline.wd12.myworkdayjobs.com/websterexternalcareersite
Weir,workday,https://weir.wd3.myworkdayjobs.com/weir_external_careers
Weis Markets,workday,https://weis.wd108.myworkdayjobs.com/careers
Wellington,workday,https://wellington.wd5.myworkdayjobs.com/external
Wells Fargo,workday,https://wf.wd1.myworkdayjobs.com/WellsFargoJobs
Western Union,workday,https://westernunion.wd5.myworkdayjobs.com/westernunionjobs
Westlake,workday,https://westlake.wd1.myworkdayjobs.com/westlake
WeWork,workday,https://wework.wd1.myworkdayjobs.com/wework
WEX,workday,https://wexinc.wd5.myworkdayjobs.com/wexinc
WGU,workday,https://wgu.wd5.myworkdayjobs.com/external
Why Mizuho Mizuho,workday,https://mizuho.wd1.myworkdayjobs.com/mizuhoamericas
Wilbur Ellis,workday,https://wilburellis.wd12.myworkdayjobs.com/wilbur-ellis
Wiley,workday,https://wiley.wd1.myworkdayjobs.com/wiley_careers
Wilhelmsen,workday,https://wilhelmsen.wd3.myworkdayjobs.com/wilhelmsen
Williams Companies,workday,https://williams.wd5.myworkdayjobs.com/External
Wintrust Financial,workday,https://wintrust.wd1.myworkdayjobs.com/search
Wisconsin,workday,https://wisconsin.wd1.myworkdayjobs.com/uw_comprehensives
Wisk,workday,https://wisk.wd108.myworkdayjobs.com/wisk_careers
WittKieffer,workday,https://wittkieffer.wd12.myworkdayjobs.com/careers
Wk,workday,https://wk.wd3.myworkdayjobs.com/external
Wmg,workday,https://wmg.wd1.myworkdayjobs.com/wmgus
Wofford,workday,https://wofford.wd5.myworkdayjobs.com/wofford
WONDERBOX,workday,https://wonderbox.wd3.myworkdayjobs.com/wonderbox_group_careers
Woodmac,workday,https://woodmac.wd3.myworkdayjobs.com/woodmaccareers
Woodward,workday,https://woodward.wd5.myworkdayjobs.com/woodward
Workday,workday,https://workday.wd5.myworkdayjobs.com/Workday
Workhuman,workday,https://workhuman.wd1.myworkdayjobs.com/workhumancareers
Working at Bozeman Health,workday,https://bozemanhealth.wd1.myworkdayjobs.com/bozemanhealthcareers
World Finance,workday,https://worldacceptance.wd12.myworkdayjobs.com/world_finance
Worldwide,workday,https://worldwide.wd1.myworkdayjobs.com/external
WP Engine,workday,https://wpengine.wd1.myworkdayjobs.com/wp_engine
WSU,workday,https://wsu.wd5.myworkdayjobs.com/wsu_jobs
Wts,workday,https://wsc.wd1.myworkdayjobs.com/wts
WW International,workday,https://ww.wd1.myworkdayjobs.com/careers
WWE,workday,https://wwecorp.wd5.myworkdayjobs.com/wwecorp
Wynd,workday,https://wynd.wd5.myworkdayjobs.com/external
X-energy,workday,https://xenergy.wd5.myworkdayjobs.com/x-energyus
Xcelenergy,workday,https://xcelenergy.wd1.myworkdayjobs.com/external
YETI,workday,https://yeticoolers.wd5.myworkdayjobs.com/yeti
Yougov,workday,https://yougov.wd103.myworkdayjobs.com/yougov_external_careers
Zayo,workday,https://zayo.wd1.myworkdayjobs.com/zayo_careers
Zeiss Group,workday,https://zeissgroup.wd3.myworkdayjobs.com/external
Zekelman,workday,https://zekelman.wd12.myworkdayjobs.com/careers
Zendesk,workday,https://zendesk.wd1.myworkdayjobs.com/zendesk
Zillow,workday,https://zillow.wd5.myworkdayjobs.com/zillow_group_external
Zoom,workday,https://zoom.wd5.myworkdayjobs.com/Zoom
